,club_api_id,club_name,year,league_name,average_age,total_spent,nTransfers,Fifteen_TwentyTwo,TwentyThree_TwentyNine,Thirty_Plus,Defender,Forward,Midfielder,league_position,position_value,win_pct,goals_for,goals_against,goal_difference,three_year_spending,two_year_spending,pos_val_pct_change
0,6403,FC Paços de Ferreira,2008,Liga Nos,24.962797619047624,0.005456174649723037,23,0.000595959595959596,0.004860215053763441,0.0,0.0024301075268817205,0.0012150537634408602,0.0018110133594004558,10.0,55.0,0.3,37.0,42.0,-5.0,,,
1,6403,FC Paços de Ferreira,2009,Liga Nos,22.74444444444445,0.004837080482241772,27,0.001191919191919192,0.003645161290322581,0.0,0.0012150537634408602,0.0024069729553600518,0.0012150537634408602,9.0,60.0,0.26666666666666666,32.0,37.0,-5.0,,0.010293255131964808,9.090909090909092
2,6403,FC Paços de Ferreira,2010,Liga Nos,23.70833333333333,0.06081101335940045,19,0.059595959595959584,0.0012150537634408602,0.0,0.0012150537634408602,0.059595959595959584,0.0,7.0,70.0,0.3333333333333333,35.0,42.0,-7.0,0.07110426849136525,0.06564809384164222,16.666666666666668
3,6403,FC Paços de Ferreira,2011,Liga Nos,23.79200680272109,0.014557510589768653,35,0.001191919191919192,0.01336559139784946,0.0,0.004241120886282177,0.007886282176604757,0.0024301075268817205,10.0,55.0,0.26666666666666666,35.0,53.0,-18.0,0.08020560443141088,0.0753685239491691,-21.428571428571427
4,6403,FC Paços de Ferreira,2012,Liga Nos,22.206349206349206,0.0048139459107201035,26,0.002383838383838384,0.0024301075268817205,0.0,0.0030260671228413165,0.0,0.001787878787878788,3.0,90.0,0.4666666666666667,42.0,29.0,13.0,0.08018246985988921,0.01937145650048876,63.63636363636363
5,6403,FC Paços de Ferreira,2013,Liga Nos,24.1530612244898,0.12088628217660476,31,0.000595959595959596,0.12029032258064515,0.0,0.11543010752688172,0.0030260671228413165,0.0024301075268817205,16.0,25.0,0.2,28.0,59.0,-31.0,0.1402577386770935,0.12570022808732487,-72.22222222222223
6,6403,FC Paços de Ferreira,2014,Liga Nos,23.766326530612243,0.0024301075268817205,27,0.0,0.0024301075268817205,0.0,0.0024301075268817205,0.0,0.0,8.0,65.0,0.35294117647058826,40.0,45.0,-5.0,0.1281303356142066,0.12331638970348648,160.0
7,6403,FC Paços de Ferreira,2015,Liga Nos,23.347222222222207,0.001787878787878788,23,0.001787878787878788,0.0,0.0,0.000595959595959596,0.000595959595959596,0.000595959595959596,7.0,70.0,0.38235294117647056,43.0,42.0,1.0,0.12510426849136527,0.0042179863147605075,7.6923076923076925
8,7844,Vitória Guimarães SC,2008,Liga Nos,23.852380952380948,0.7334308598028478,14,0.3507831325301205,0.3826477272727273,0.0,0.04464772727272728,0.6887831325301206,0.0,8.0,65.0,0.3333333333333333,32.0,36.0,-4.0,,,
9,7844,Vitória Guimarães SC,2009,Liga Nos,24.391666666666666,0.6469971248630888,21,0.10734939759036144,0.5396477272727273,0.0,0.2604308598028477,0.0,0.38656626506024094,6.0,75.0,0.3666666666666665,31.0,34.0,-3.0,,1.3804279846659366,15.384615384615385
10,7844,Vitória Guimarães SC,2010,Liga Nos,24.660416666666666,1.3471542990142389,36,0.6739156626506024,0.6732386363636365,0.0,0.5750785870755749,0.6200785870755751,0.15199712486308875,5.0,80.0,0.4,36.0,37.0,-1.0,2.727582283680176,1.9941514238773281,6.666666666666668
11,7844,Vitória Guimarães SC,2011,Liga Nos,24.366213151927447,1.2497263143483022,28,0.3957831325301205,0.8539431818181819,0.0,0.0,0.7557831325301204,0.4939431818181818,6.0,75.0,0.4666666666666667,40.0,40.0,0.0,3.2438777382256294,2.596880613362541,-6.25
12,7844,Vitória Guimarães SC,2012,Liga Nos,23.82857142857143,0.035783132530120484,20,0.035783132530120484,0.0,0.0,0.0,0.035783132530120484,0.0,9.0,60.0,0.3666666666666665,36.0,47.0,-11.0,2.6326637458926614,1.2855094468784227,-20.0
13,7844,Vitória Guimarães SC,2013,Liga Nos,22.66666666666667,0.5750785870755751,16,0.035783132530120484,0.5392954545454546,0.0,0.04464772727272728,0.5304308598028478,0.0,10.0,55.0,0.3333333333333333,30.0,35.0,-5.0,1.8605880339539973,0.6108617196056956,-8.333333333333334
14,7844,Vitória Guimarães SC,2014,Liga Nos,23.642857142857146,0.08929545454545458,19,0.0,0.08929545454545458,0.0,0.0,0.08929545454545458,0.0,5.0,80.0,0.4411764705882353,50.0,35.0,15.0,0.7001571741511502,0.6643740416210298,45.45454545454545
15,7844,Vitória Guimarães SC,2015,Liga Nos,23.66666666666667,2.025,20,1.8,0.225,0.0,0.45,0.225,1.35,10.0,55.0,0.2647058823529412,45.0,53.0,-8.0,2.6893740416210297,2.1142954545454544,-31.25
16,8178,Bayer 04 Leverkusen,2008,1 Bundesliga,24.719047619047622,9.225,16,5.94,3.285,0.0,4.41,0.135,4.68,9.0,60.0,0.4117647058823529,59.0,46.0,13.0,,,
17,8178,Bayer 04 Leverkusen,2009,1 Bundesliga,24.78,6.951752212389381,14,6.951752212389381,0.0,0.0,1.281752212389381,3.42,2.25,4.0,85.0,0.4411764705882353,65.0,38.0,27.0,,16.17675221238938,41.66666666666666
18,8178,Bayer 04 Leverkusen,2010,1 Bundesliga,24.805555555555554,5.13,14,5.13,0.0,0.0,2.16,2.52,0.45,2.0,95.0,0.5882352941176471,64.0,44.0,20.0,21.30675221238938,12.08175221238938,11.764705882352944
19,8178,Bayer 04 Leverkusen,2011,1 Bundesliga,21.666666666666664,20.529,16,19.8,0.7290000000000001,0.0,12.878999999999998,7.65,0.0,5.0,80.0,0.4411764705882353,52.0,44.0,8.0,32.61075221238938,25.659,-15.789473684210524
20,8178,Bayer 04 Leverkusen,2012,1 Bundesliga,22.0,18.81,19,8.28,10.53,0.0,12.15,6.57,0.09,3.0,90.0,0.5588235294117647,65.0,39.0,26.0,44.469,39.339,12.5
21,8178,Bayer 04 Leverkusen,2013,1 Bundesliga,24.273809523809533,20.228,18,14.467999999999998,5.4,0.36,3.06,11.7,5.468,4.0,85.0,0.5588235294117647,60.0,41.0,19.0,59.56699999999999,39.038,-5.5555555555555545
22,8178,Bayer 04 Leverkusen,2014,1 Bundesliga,23.16111111111111,35.463504424778755,20,35.463504424778755,0.0,0.0,13.95,20.226752212389385,1.2867522123893809,4.0,85.0,0.5,62.0,37.0,25.0,74.50150442477877,55.691504424778756,0.0
23,8178,Bayer 04 Leverkusen,2015,1 Bundesliga,22.20873015873016,52.2,23,6.75,45.45,0.0,12.6,18.0,21.6,3.0,90.0,0.5294117647058824,56.0,40.0,16.0,107.89150442477877,87.66350442477875,5.882352941176472
24,8277,Vitesse Arnhem,2008,Eredivisie,25.0625,1.0697083333333333,18,0.0,1.0697083333333333,0.0,0.5348541666666666,0.5348541666666666,0.0,10.0,55.0,0.3235294117647059,41.0,48.0,-7.0,,,
25,8277,Vitesse Arnhem,2009,Eredivisie,23.525,0.2830627637130802,16,0.11335443037974685,0.16970833333333335,0.0,0.11335443037974685,0.0,0.16970833333333335,14.0,35.0,0.2352941176470588,38.0,62.0,-24.0,,1.3527710970464135,-36.36363636363637
26,8277,Vitesse Arnhem,2010,Eredivisie,23.11111111111111,5.304854166666667,21,4.95,0.3548541666666667,0.0,0.3548541666666667,4.95,0.0,15.0,30.0,0.2647058823529412,42.0,61.0,-19.0,6.657625263713081,5.587916930379747,-14.285714285714285
27,8277,Vitesse Arnhem,2011,Eredivisie,23.72142857142857,2.9167924578059066,21,2.1400632911392403,0.7148541666666667,0.061875,0.4452294303797469,2.0267088607594936,0.44485416666666666,7.0,70.0,0.4411764705882353,48.0,43.0,5.0,8.504709388185653,8.221646624472573,133.33333333333334
28,8277,Vitesse Arnhem,2012,Eredivisie,23.4375,2.295,8,1.8,0.0,0.495,1.8,0.0,0.495,4.0,85.0,0.5588235294117647,68.0,42.0,26.0,10.516646624472573,5.211792457805907,21.428571428571427
29,8277,Vitesse Arnhem,2013,Eredivisie,22.857142857142854,0.19820859704641355,17,0.11335443037974685,0.08485416666666667,0.0,0.08485416666666667,0.11335443037974685,0.0,6.0,75.0,0.4411764705882353,65.0,49.0,16.0,5.410001054852319,2.4932085970464133,-11.764705882352944
30,8277,Vitesse Arnhem,2014,Eredivisie,22.78333333333333,0.45,11,0.0,0.45,0.0,0.0,0.45,0.0,5.0,80.0,0.4705882352941176,66.0,43.0,23.0,2.943208597046413,0.6482085970464135,6.666666666666668
31,8277,Vitesse Arnhem,2015,Eredivisie,23.11111111111111,1.3050000000000002,15,0.27,1.035,0.0,0.675,0.27,0.36,9.0,60.0,0.35294117647058826,55.0,38.0,17.0,1.9532085970464137,1.755,-25.0
32,8302,Sevilla FC,2008,Primera Division,24.55,33.93,15,6.3,27.630000000000006,0.0,17.73,6.3,9.9,3.0,90.0,0.5526315789473685,54.0,39.0,15.0,,,
33,8302,Sevilla FC,2009,Primera Division,25.222222222222207,24.75,11,0.0,24.75,0.0,3.1500000000000004,13.5,8.1,4.0,85.0,0.5,65.0,49.0,16.0,,58.68,-5.5555555555555545
34,8302,Sevilla FC,2010,Primera Division,22.394444444444453,15.12,15,2.25,12.87,0.0,4.95,0.0,10.17,7.0,70.0,0.4473684210526316,62.0,61.0,1.0,73.8,39.87,-17.647058823529417
35,8302,Sevilla FC,2011,Primera Division,24.44444444444445,17.099999999999998,18,1.08,14.22,1.8,6.12,9.9,1.08,9.0,60.0,0.34210526315789475,48.0,47.0,1.0,56.97,32.22,-14.285714285714285
36,8302,Sevilla FC,2012,Primera Division,24.69444444444445,12.6,15,4.95,4.5,3.15,7.65,0.0,4.95,9.0,60.0,0.3684210526315789,58.0,54.0,4.0,44.81999999999999,29.7,0.0
37,8302,Sevilla FC,2013,Primera Division,24.22142857142857,33.395,27,4.91,26.685,1.8,3.375,22.59,7.43,5.0,80.0,0.4736842105263158,69.0,52.0,17.0,63.095,45.99500000000001,33.333333333333336
38,8302,Sevilla FC,2014,Primera Division,24.720238095238088,18.855,25,2.7,13.905,2.25,8.955,0.0,9.9,5.0,80.0,0.6052631578947368,71.0,45.0,26.0,64.85,52.25,0.0
39,8302,Sevilla FC,2015,Primera Division,25.3125,40.50000000000001,23,0.0,40.50000000000001,0.0,9.9,23.4,7.2,7.0,70.0,0.3684210526315789,51.0,50.0,1.0,92.75,59.355,-12.5
40,8315,Athletic Bilbao,2008,Primera Division,24.525,2.12472,10,0.0,1.58472,0.54,0.54,1.58472,0.0,13.0,40.0,0.3157894736842105,47.0,62.0,-15.0,,,
41,8315,Athletic Bilbao,2009,Primera Division,24.61904761904761,2.115,9,0.315,1.8,0.0,2.115,0.0,0.0,8.0,65.0,0.3947368421052632,50.0,53.0,-3.0,,4.239719999999998,62.5
42,8315,Athletic Bilbao,2010,Primera Division,23.3,2.448,10,2.43,0.018000000000000002,0.0,0.0,0.018000000000000002,2.43,6.0,75.0,0.4736842105263158,59.0,55.0,4.0,6.6877200000000006,4.5630000000000015,15.384615384615385
43,8315,Athletic Bilbao,2011,Primera Division,23.9,6.75,6,6.75,0.0,0.0,0.0,0.0,6.75,10.0,55.0,0.3157894736842105,49.0,52.0,-3.0,11.313,9.198,-26.66666666666667
44,8315,Athletic Bilbao,2012,Primera Division,25.785714285714285,2.25,10,0.0,0.0,2.25,0.0,2.25,0.0,12.0,45.0,0.3157894736842105,44.0,65.0,-21.0,11.448,9.0,-18.181818181818183
45,8315,Athletic Bilbao,2013,Primera Division,24.559523809523807,13.86,13,0.0,13.86,0.0,0.45,3.6,9.81,4.0,85.0,0.5263157894736842,66.0,39.0,27.0,22.86,16.11,88.8888888888889
46,8315,Athletic Bilbao,2014,Primera Division,22.86666666666667,0.9,10,0.0,0.9,0.0,0.0,0.9,0.0,7.0,70.0,0.3947368421052632,42.0,41.0,1.0,17.009999999999998,14.76,-17.647058823529417
47,8315,Athletic Bilbao,2015,Primera Division,23.0,7.2,13,0.0,7.2,0.0,0.0,0.0,7.2,5.0,80.0,0.4736842105263158,58.0,45.0,13.0,21.96,8.1,14.285714285714285
48,8455,Chelsea FC,2008,Premier League,24.23809523809524,27.45,25,0.0,18.45,9.0,18.45,0.0,9.0,3.0,90.0,0.6578947368421053,68.0,24.0,44.0,,,
49,8455,Chelsea FC,2009,Premier League,23.08928571428571,27.01,20,8.11,18.9,0.0,0.0,6.53,20.48,1.0,100.0,0.7105263157894737,103.0,32.0,71.0,,54.46,11.111111111111109
50,8455,Chelsea FC,2010,Premier League,22.8,109.35,23,8.100000000000001,94.95,6.3,30.6,58.95,19.8,2.0,95.0,0.5526315789473685,69.0,33.0,36.0,163.80999999999997,136.36,-5.0
51,8455,Chelsea FC,2011,Premier League,23.440277777777766,88.21889447236181,24,44.478894472361816,43.74,0.0,17.02889447236181,21.87,49.32,6.0,75.0,0.4736842105263158,65.0,46.0,19.0,224.57889447236175,197.56889447236182,-21.05263157894737
52,8455,Chelsea FC,2012,Premier League,23.432900432900443,100.13889447236186,30,85.28889447236182,14.85,0.0,12.78,49.95,37.408894472361816,3.0,90.0,0.5789473684210527,75.0,39.0,36.0,297.7077889447237,188.3577889447237,20.0
53,8455,Chelsea FC,2013,Premier League,26.03072390572391,117.32,39,62.87000000000001,54.45,0.0,14.85,71.51,30.96,3.0,90.0,0.6578947368421053,71.0,27.0,44.0,305.6777889447237,217.45889447236183,0.0
54,8455,Chelsea FC,2014,Premier League,24.04862637362637,123.93,42,2.25,121.68,0.0,18.0,73.98,31.95,1.0,100.0,0.6842105263157895,73.0,32.0,41.0,341.38889447236187,241.25,11.111111111111109
55,8455,Chelsea FC,2015,Premier League,24.07857142857143,81.45000000000002,39,32.940000000000005,48.51000000000001,0.0,40.05,34.2,7.2,10.0,55.0,0.3157894736842105,59.0,53.0,6.0,322.7000000000001,205.38,-45.0
56,8456,Manchester City,2008,Premier League,24.5875,141.62,27,29.25,104.27,8.1,41.04,84.38000000000002,16.2,10.0,55.0,0.3947368421052632,58.0,50.0,8.0,,,
57,8456,Manchester City,2009,Premier League,26.76851851851852,132.57,24,7.2,125.37,0.0,41.58,78.48,12.51,5.0,80.0,0.4736842105263158,73.0,45.0,28.0,,274.19,45.45454545454545
58,8456,Manchester City,2010,Premier League,24.35734126984127,167.60136054421767,36,40.15136054421768,127.45,0.0,32.72,59.85,75.03136054421769,3.0,90.0,0.5526315789473685,60.0,33.0,27.0,441.7913605442177,300.1713605442177,12.5
59,8456,Manchester City,2011,Premier League,24.641666666666666,81.95,32,10.8,71.15,0.0,21.200000000000006,36.0,24.75,1.0,100.0,0.7368421052631579,93.0,29.0,64.0,382.1213605442177,249.5513605442177,11.111111111111109
60,8456,Manchester City,2012,Premier League,24.17857142857143,55.76,25,27.18,25.2,3.38,17.06,0.0,38.7,2.0,95.0,0.6052631578947368,66.0,34.0,32.0,305.3113605442177,137.71,-5.0
61,8456,Manchester City,2013,Premier League,26.487654320987648,104.4,19,0.0,99.9,4.5,22.5,45.9,36.0,1.0,100.0,0.7105263157894737,102.0,37.0,65.0,242.11,160.16,5.2631578947368425
62,8456,Manchester City,2014,Premier League,25.952380952380967,79.47,14,2.25,70.02,7.2,34.65,29.07,15.75,2.0,95.0,0.631578947368421,83.0,38.0,45.0,239.63,183.87,-5.0
63,8456,Manchester City,2015,Premier League,22.972222222222232,187.46599999999998,22,67.77,119.696,0.0,40.41,68.018,79.038,4.0,85.0,0.5,71.0,41.0,30.0,371.336,266.936,-10.526315789473683
64,8472,Sunderland AFC,2008,Premier League,23.699319727891154,29.799,34,0.18899999999999997,29.61,0.0,16.83,5.58,7.388999999999999,16.0,25.0,0.2368421052631579,34.0,54.0,-20.0,,,
65,8472,Sunderland AFC,2009,Premier League,24.452380952380953,41.49,23,9.99,31.5,0.0,20.880000000000006,14.31,6.3,13.0,40.0,0.2894736842105263,48.0,56.0,-8.0,,71.289,60.0
66,8472,Sunderland AFC,2010,Premier League,25.166666666666664,26.19,30,2.79,23.4,0.0,5.49,14.4,6.3,10.0,55.0,0.3157894736842105,45.0,56.0,-11.0,97.479,67.68,37.5
67,8472,Sunderland AFC,2011,Premier League,23.329705215419498,25.425000000000004,35,10.935,9.09,5.4,7.65,11.835,5.94,13.0,40.0,0.2894736842105263,45.0,46.0,-1.0,93.10500000000002,51.61500000000001,-27.272727272727273
68,8472,Sunderland AFC,2012,Premier League,25.36666666666667,34.47,26,4.23,30.24,0.0,0.0,30.24,4.23,17.0,20.0,0.2368421052631579,41.0,54.0,-13.0,86.08500000000002,59.895,-50.0
69,8472,Sunderland AFC,2013,Premier League,23.95816326530613,31.20930645161291,37,6.584306451612903,24.625,0.0,2.295,18.874306451612906,10.04,14.0,35.0,0.2631578947368421,41.0,60.0,-19.0,91.10430645161293,65.6793064516129,75.0
70,8472,Sunderland AFC,2014,Premier League,25.6375,20.35,21,0.0,17.2,3.15,1.71,5.949999999999998,12.69,16.0,25.0,0.18421052631578946,31.0,53.0,-22.0,86.02930645161291,51.559306451612905,-28.57142857142857
71,8472,Sunderland AFC,2015,Premier League,26.468253968253972,59.45,28,0.0,58.19,1.26,17.33,21.15,20.97,17.0,20.0,0.2368421052631579,48.0,62.0,-14.0,111.00930645161293,79.80000000000003,-20.0
72,8535,ACF Fiorentina,2008,Serie A,24.119047619047624,42.93,25,7.2,35.37,0.36,15.48,19.8,7.65,5.0,80.0,0.5526315789473685,53.0,38.0,15.0,,,
73,8535,ACF Fiorentina,2009,Serie A,25.574074074074076,35.427559139784954,32,20.30755913978495,9.9,5.22,10.17,8.108779569892473,17.148779569892472,11.0,50.0,0.34210526315789475,48.0,47.0,1.0,,78.35755913978495,-37.5
74,8535,ACF Fiorentina,2010,Serie A,23.37261904761905,20.92877956989248,27,3.558779569892473,15.12,2.25,11.478779569892476,3.6,5.85,9.0,60.0,0.3157894736842105,49.0,44.0,5.0,99.28633870967742,56.35633870967743,20.0
75,8535,ACF Fiorentina,2011,Serie A,23.98588435374149,20.05576202603283,35,3.5817795698924733,14.493982456140351,1.98,4.656779569892473,4.508982456140349,10.890000000000002,13.0,40.0,0.29411764705882354,32.0,38.0,-6.0,76.41210073571025,40.98454159592532,-33.333333333333336
76,8535,ACF Fiorentina,2012,Serie A,26.56944444444445,37.251999999999995,37,5.85,29.941999999999997,1.46,10.15,10.62,16.482,4.0,85.0,0.5526315789473685,72.0,44.0,28.0,78.23654159592529,57.30776202603282,112.5
77,8535,ACF Fiorentina,2013,Serie A,26.18611111111111,47.96999999999999,32,6.3,40.05,1.62,0.0,45.71999999999999,2.25,4.0,85.0,0.5,65.0,44.0,21.0,105.27776202603279,85.22199999999998,0.0
78,8535,ACF Fiorentina,2014,Serie A,25.43134920634921,9.007559139784943,38,1.717559139784946,4.95,2.34,3.24,0.408779569892473,5.358779569892473,4.0,85.0,0.4736842105263158,61.0,46.0,15.0,94.22955913978493,56.97755913978494,0.0
79,8535,ACF Fiorentina,2015,Serie A,24.343537414965983,31.41,43,7.4700000000000015,23.49,0.45,4.5,9.81,17.099999999999998,5.0,80.0,0.4736842105263158,60.0,42.0,18.0,88.38755913978494,40.417559139784935,-5.882352941176472
80,8543,SS Lazio,2008,Serie A,25.32962962962964,23.139367816091948,25,8.280000000000001,13.059367816091955,1.8,16.389367816091955,4.23,2.52,10.0,55.0,0.3947368421052632,46.0,55.0,-9.0,,,
81,8543,SS Lazio,2009,Serie A,25.81296296296297,28.08,31,18.18,7.200000000000001,2.7,3.51,18.675,5.8950000000000005,12.0,45.0,0.2894736842105263,39.0,43.0,-4.0,,51.21936781609194,-18.181818181818183
82,8543,SS Lazio,2010,Serie A,24.875,26.550000000000004,20,0.0,26.550000000000004,0.0,2.25,10.35,13.95,5.0,80.0,0.5263157894736842,55.0,39.0,16.0,77.76936781609196,54.63,77.77777777777777
83,8543,SS Lazio,2011,Serie A,25.66875,21.63164672765658,27,0.5222789115646258,21.109367816091954,0.0,10.791646727656579,7.91,2.93,5.0,80.0,0.4722222222222222,53.0,43.0,10.0,76.26164672765657,48.18164672765658,0.0
84,8543,SS Lazio,2012,Serie A,25.215773809523807,2.421557823129252,28,1.0715578231292515,1.35,0.0,1.8722789115646261,0.0,0.5492789115646258,7.0,70.0,0.4736842105263158,51.0,42.0,9.0,50.603204550785826,24.05320455078583,-12.5
85,8543,SS Lazio,2013,Serie A,25.42083333333333,24.642278911564627,27,9.342278911564627,15.3,0.0,0.36,16.722278911564626,7.56,9.0,60.0,0.3947368421052632,54.0,54.0,0.0,48.695483462350474,27.06383673469388,-14.285714285714285
86,8543,SS Lazio,2014,Serie A,25.302759740259727,11.997278911564624,35,6.822278911564625,5.175,0.0,7.425,0.0,4.5722789115646245,3.0,90.0,0.5405405405405406,67.0,36.0,31.0,39.0611156462585,36.63955782312925,50.0
87,8543,SS Lazio,2015,Serie A,25.260582010582013,31.82,34,19.35,3.02,9.45,12.92,2.7,16.2,8.0,65.0,0.3947368421052632,52.0,52.0,0.0,68.45955782312926,43.817278911564635,-27.777777777777782
88,8558,RCD Espanyol Barcelona,2008,Primera Division,25.095238095238088,13.163823529411767,11,1.62,11.25,0.2938235294117648,6.6838235294117645,3.33,3.15,10.0,55.0,0.3157894736842105,46.0,49.0,-3.0,,,
89,8558,RCD Espanyol Barcelona,2009,Primera Division,23.285714285714285,5.4285000000000005,18,4.9785,0.45,0.0,4.0785,1.35,0.0,11.0,50.0,0.2894736842105263,29.0,46.0,-17.0,,18.592323529411768,-9.090909090909092
90,8558,RCD Espanyol Barcelona,2010,Primera Division,23.69523809523809,10.125,16,1.8,8.325,0.0,1.8,5.76,2.565,8.0,65.0,0.3947368421052632,46.0,55.0,-9.0,28.717323529411765,15.5535,30.0
91,8558,RCD Espanyol Barcelona,2011,Primera Division,25.6984126984127,5.85,20,0.9,4.95,0.0,2.25,0.9,2.7,14.0,35.0,0.3157894736842105,46.0,56.0,-10.0,21.4035,15.975,-46.153846153846146
92,8558,RCD Espanyol Barcelona,2012,Primera Division,25.83333333333333,1.3341172839506172,14,0.4785,0.5406172839506173,0.315,0.315,0.5406172839506173,0.4785,13.0,40.0,0.2894736842105263,43.0,52.0,-9.0,17.309117283950616,7.184117283950616,14.285714285714285
93,8558,RCD Espanyol Barcelona,2013,Primera Division,22.555555555555557,1.2156172839506172,15,0.45,0.7656172839506172,0.0,0.7656172839506172,0.0,0.45,13.0,40.0,0.2894736842105263,41.0,51.0,-10.0,8.399734567901234,2.5497345679012344,0.0
94,8558,RCD Espanyol Barcelona,2014,Primera Division,24.555555555555554,2.5206172839506173,15,0.0,2.5206172839506173,0.0,1.5306172839506171,0.99,0.0,10.0,55.0,0.34210526315789475,47.0,51.0,-4.0,5.070351851851852,3.7362345679012345,37.5
95,8558,RCD Espanyol Barcelona,2015,Primera Division,24.80625,3.380617283950617,25,0.0,3.380617283950617,0.0,1.04,2.3406172839506167,0.0,14.0,35.0,0.3157894736842105,40.0,74.0,-34.0,7.1168518518518535,5.901234567901232,-36.36363636363637
96,8564,AC Milan,2008,Serie A,25.58333333333333,61.48,34,8.55,43.48,9.45,27.81,10.13,23.54,2.0,95.0,0.5789473684210527,70.0,35.0,35.0,,,
97,8564,AC Milan,2009,Serie A,25.298809523809535,19.89,25,6.03,13.86,0.0,2.88,14.76,2.25,3.0,90.0,0.5263157894736842,60.0,39.0,21.0,,81.37,-5.2631578947368425
98,8564,AC Milan,2010,Serie A,25.39305555555556,42.67265901517956,43,13.94076712328767,28.08,0.6518918918918918,8.301891891891891,29.75,4.620767123287672,1.0,100.0,0.631578947368421,65.0,24.0,41.0,124.04265901517955,62.562659015179555,11.111111111111109
99,8564,AC Milan,2011,Serie A,24.697222222222226,53.337301369863006,48,19.54230136986301,33.79500000000001,0.0,3.645,46.371534246575344,3.320767123287671,2.0,95.0,0.6216216216216216,72.0,33.0,39.0,115.89996038504258,96.00996038504258,-5.0
100,8564,AC Milan,2012,Serie A,24.236621315192746,51.30765901517957,45,25.095767123287672,25.56,0.6518918918918918,8.782659015179563,32.175,10.35,3.0,90.0,0.5526315789473685,67.0,39.0,28.0,147.31761940022213,104.64496038504257,-5.2631578947368425
101,8564,AC Milan,2013,Serie A,25.499826388888888,31.980767123287677,49,6.690767123287673,25.290000000000006,0.0,8.46,10.470767123287672,13.05,8.0,65.0,0.42105263157894735,57.0,49.0,8.0,136.62572750833024,83.28842613846723,-27.777777777777782
102,8564,AC Milan,2014,Serie A,25.118204365079364,19.11576712328767,61,2.640767123287671,13.775,2.7,7.025,4.890767123287672,7.2,10.0,55.0,0.34210526315789475,56.0,50.0,6.0,102.40419326175491,51.09653424657535,-15.384615384615385
103,8564,AC Milan,2015,Serie A,24.75565025252525,83.68097202797203,51,22.923,60.75797202797203,0.0,26.55,34.605000000000004,22.52597202797203,7.0,70.0,0.3947368421052632,49.0,43.0,6.0,134.77750627454736,102.79673915125973,27.272727272727273
104,8586,Tottenham Hotspur,2008,Premier League,24.542857142857148,128.20999999999998,38,38.48,89.72999999999998,0.0,23.36,50.85,54.0,8.0,65.0,0.3684210526315789,45.0,45.0,0.0,,,
105,8586,Tottenham Hotspur,2009,Premier League,25.18231074481075,36.27,37,10.62,25.65,0.0,24.3,9.45,2.52,4.0,85.0,0.5526315789473685,67.0,41.0,26.0,,164.48,30.76923076923077
106,8586,Tottenham Hotspur,2010,Premier League,24.19539627039627,23.94,45,9.0,14.31,0.63,2.25,3.24,18.45,5.0,80.0,0.42105263157894735,55.0,46.0,9.0,188.42,60.21000000000001,-5.882352941176472
107,8586,Tottenham Hotspur,2011,Premier League,26.015652557319225,8.51,40,0.9,2.03,5.58,0.0,2.93,5.58,4.0,85.0,0.5263157894736842,66.0,41.0,25.0,68.72,32.45,6.25
108,8586,Tottenham Hotspur,2012,Premier League,23.418055555555554,67.07600000000001,33,14.876,52.2,0.0,26.886,12.51,27.68,5.0,80.0,0.5526315789473685,66.0,46.0,20.0,99.52600000000001,75.58600000000001,-5.882352941176472
109,8586,Tottenham Hotspur,2013,Premier League,23.84761904761905,109.69,29,39.15,70.53999999999998,0.0,8.55,61.34,39.8,6.0,75.0,0.5526315789473685,55.0,51.0,4.0,185.276,176.76600000000005,-6.25
110,8586,Tottenham Hotspur,2014,Premier League,23.59591836734694,43.63,22,24.2,14.31,5.12,33.16,0.0,10.47,5.0,80.0,0.5,58.0,53.0,5.0,220.396,153.32,6.666666666666668
111,8586,Tottenham Hotspur,2015,Premier League,22.41666666666667,63.90000000000001,11,18.09,45.81,0.0,24.21,39.69,0.0,3.0,90.0,0.5,69.0,35.0,34.0,217.22000000000003,107.53000000000002,12.5
112,8592,Olympique Marseille,2008,Ligue 1,25.322916666666664,34.67194520547945,24,11.34,18.831945205479453,4.5,9.831945205479453,14.04,10.8,2.0,95.0,0.5789473684210527,67.0,35.0,32.0,,,
113,8592,Olympique Marseille,2009,Ligue 1,25.94444444444445,38.07,25,0.18,27.9,9.989999999999998,7.919999999999999,0.0,30.15,1.0,100.0,0.6052631578947368,69.0,36.0,33.0,,72.74194520547945,5.2631578947368425
114,8592,Olympique Marseille,2010,Ligue 1,22.614285714285717,37.35,16,5.4,31.950000000000006,0.0,9.0,28.35,0.0,2.0,95.0,0.4736842105263158,62.0,39.0,23.0,110.09194520547943,75.42,-5.0
115,8592,Olympique Marseille,2011,Ligue 1,25.66666666666667,9.9,15,3.15,6.75,0.0,5.4,0.0,4.5,10.0,55.0,0.3157894736842105,45.0,41.0,4.0,85.32,47.25,-42.10526315789474
116,8592,Olympique Marseille,2012,Ligue 1,23.8,7.83,14,2.43,5.4,0.0,2.88,2.7,2.25,2.0,95.0,0.5526315789473685,42.0,36.0,6.0,55.08,17.73,72.72727272727273
117,8592,Olympique Marseille,2013,Ligue 1,22.375,35.46,13,24.75,10.71,0.0,3.6,13.05,18.81,6.0,75.0,0.42105263157894735,53.0,40.0,13.0,53.19,43.29,-21.05263157894737
118,8592,Olympique Marseille,2014,Ligue 1,23.5,18.45,16,9.9,8.55,0.0,4.5,9.9,4.05,4.0,85.0,0.5526315789473685,76.0,42.0,34.0,61.74,53.91,13.333333333333336
119,8592,Olympique Marseille,2015,Ligue 1,25.796296296296298,17.235,23,13.185,2.7,1.35,8.55,8.1,0.585,13.0,40.0,0.2631578947368421,48.0,42.0,6.0,71.14500000000002,35.685,-52.941176470588225
120,8593,Ajax Amsterdam,2008,Eredivisie,24.45,30.83,16,19.13,9.0,2.7,5.4,6.3,19.13,3.0,90.0,0.6176470588235294,74.0,41.0,33.0,,,
121,8593,Ajax Amsterdam,2009,Eredivisie,24.027777777777768,11.07,11,3.6,7.4700000000000015,0.0,0.27,0.0,10.8,2.0,95.0,0.7941176470588235,106.0,20.0,86.0,,41.9,5.5555555555555545
122,8593,Ajax Amsterdam,2010,Eredivisie,24.56944444444445,4.5,16,0.0,4.5,0.0,0.0,4.5,0.0,1.0,100.0,0.6470588235294118,72.0,30.0,42.0,46.4,15.57,5.2631578947368425
123,8593,Ajax Amsterdam,2011,Eredivisie,24.96875,12.812833333333336,14,9.617833333333332,3.1950000000000003,0.0,2.9,4.095,5.817833333333334,1.0,100.0,0.6764705882352942,93.0,36.0,57.0,28.38283333333333,17.312833333333334,0.0
124,8593,Ajax Amsterdam,2012,Eredivisie,23.897619047619052,5.1480000000000015,17,1.26,3.888,0.0,3.6,1.548,0.0,1.0,100.0,0.6470588235294118,83.0,31.0,52.0,22.46083333333333,17.960833333333333,0.0
125,8593,Ajax Amsterdam,2013,Eredivisie,21.75,6.12,10,3.42,2.7,0.0,3.42,0.0,2.7,1.0,100.0,0.5882352941176471,69.0,28.0,41.0,24.08083333333333,11.268,0.0
126,8593,Ajax Amsterdam,2014,Eredivisie,23.414285714285718,11.525,16,8.375,2.25,0.9,9.135,1.94,0.45,2.0,95.0,0.6176470588235294,69.0,29.0,40.0,22.793000000000006,17.645,-5.0
127,8593,Ajax Amsterdam,2015,Eredivisie,23.0,11.037833333333333,13,5.637833333333332,5.4,0.0,0.8678333333333333,4.77,5.4,2.0,95.0,0.7352941176470589,81.0,21.0,60.0,28.68283333333333,22.56283333333333,0.0
128,8600,Udinese Calcio,2008,Serie A,24.53238795518207,19.7630026954178,50,8.538716981132076,9.45,1.7742857142857145,12.793644204851752,2.089679245283019,4.879679245283018,7.0,70.0,0.42105263157894735,61.0,50.0,11.0,,,
129,8600,Udinese Calcio,2009,Serie A,23.942460317460323,18.41850676239773,55,8.639037735849058,9.779469026548671,0.0,2.499093003840374,11.839413758557356,4.08,15.0,30.0,0.2894736842105263,54.0,59.0,-5.0,,38.18150945781552,-57.14285714285714
130,8600,Udinese Calcio,2010,Serie A,23.655720470006184,12.95935849056604,56,8.769358490566036,4.19,0.0,5.8100000000000005,6.76967924528302,0.3796792452830189,4.0,85.0,0.5263157894736842,65.0,43.0,22.0,51.14086794838157,31.377865252963772,183.33333333333331
131,8600,Udinese Calcio,2011,Serie A,24.206390434961857,20.14909300384037,63,11.109358490566036,9.039734513274336,0.0,6.239734513274338,8.029679245283019,5.879679245283019,3.0,90.0,0.5,52.0,34.0,18.0,51.52695825680414,33.10845149440641,5.882352941176472
132,8600,Udinese Calcio,2012,Serie A,25.32201479076479,25.80909300384037,52,13.359358490566036,12.449734513274336,0.0,13.909413758557356,6.5699999999999985,5.329679245283018,5.0,80.0,0.4736842105263158,59.0,45.0,14.0,58.917544498246784,45.95818600768074,-11.111111111111109
133,8600,Udinese Calcio,2013,Serie A,24.676041666666666,23.507827517114702,60,17.418358490566035,6.089469026548673,0.0,5.899413758557356,3.9796792452830183,13.628734513274336,14.0,35.0,0.3157894736842105,46.0,57.0,-11.0,69.46601352479544,49.316920520955065,-56.25
134,8600,Udinese Calcio,2014,Serie A,24.69156746031745,27.81882751711472,55,11.289358490566038,14.729469026548673,1.8,2.329148271831692,5.4,20.08967924528302,16.0,25.0,0.2631578947368421,43.0,56.0,-13.0,77.1357480380698,51.32665503422942,-28.57142857142857
135,8600,Udinese Calcio,2015,Serie A,24.570486111111112,17.632679245283015,62,13.132679245283017,3.6,0.9,8.73,3.7726792452830185,5.130000000000001,16.0,25.0,0.2631578947368421,35.0,60.0,-25.0,68.95933427951243,45.45150676239773,0.0
136,8611,FC Twente Enschede,2008,Eredivisie,25.07142857142857,7.289999999999999,11,2.79,4.5,0.0,3.15,0.54,3.6,2.0,95.0,0.5882352941176471,62.0,31.0,31.0,,,
137,8611,FC Twente Enschede,2009,Eredivisie,21.95,8.65448275862069,14,2.80448275862069,5.8500000000000005,0.0,0.675,2.655,5.3244827586206895,1.0,100.0,0.7941176470588235,63.0,23.0,40.0,,15.944482758620687,5.2631578947368425
138,8611,FC Twente Enschede,2010,Eredivisie,25.79523809523809,12.64941176470588,22,5.31,7.339411764705884,0.0,2.25,10.399411764705881,0.0,2.0,95.0,0.6176470588235294,65.0,34.0,31.0,28.59389452332657,21.30389452332657,-5.0
139,8611,FC Twente Enschede,2011,Eredivisie,24.055555555555554,8.239411764705883,13,4.95,3.2894117647058825,0.0,0.0,3.2894117647058825,4.95,6.0,75.0,0.5,82.0,46.0,36.0,29.54330628803245,20.888823529411766,-21.05263157894737
140,8611,FC Twente Enschede,2012,Eredivisie,23.75,16.57448275862069,13,8.29448275862069,8.280000000000001,0.0,3.33,10.724482758620688,2.52,6.0,75.0,0.5,60.0,33.0,27.0,37.463306288032456,24.813894523326567,0.0
141,8611,FC Twente Enschede,2013,Eredivisie,24.20833333333333,5.625000000000001,21,5.3100000000000005,0.315,0.0,1.395,1.08,3.15,3.0,90.0,0.5,72.0,37.0,35.0,30.438894523326567,22.19948275862069,20.0
142,8611,FC Twente Enschede,2014,Eredivisie,24.395833333333336,5.04,17,3.69,1.35,0.0,0.0,3.15,1.89,8.0,65.0,0.38235294117647056,56.0,51.0,5.0,27.239482758620692,10.665,-27.777777777777782
143,8611,FC Twente Enschede,2015,Eredivisie,23.5,0.0,19,0.0,0.0,0.0,0.0,0.0,0.0,12.0,45.0,0.35294117647058826,49.0,64.0,-15.0,10.665,5.04,-30.76923076923077
144,8633,Real Madrid,2008,Primera Division,24.2,73.98,12,12.6,61.38000000000001,0.0,9.0,24.3,40.68000000000001,2.0,95.0,0.6578947368421053,83.0,52.0,31.0,,,
145,8633,Real Madrid,2009,Primera Division,23.33333333333333,232.65,10,35.1,197.55,0.0,17.1,120.6,94.95,2.0,95.0,0.8157894736842105,102.0,35.0,67.0,,306.63,0.0
146,8633,Real Madrid,2010,Primera Division,24.3,83.7,7,51.3,25.2,7.2,7.2,42.3,34.2,2.0,95.0,0.7631578947368421,102.0,33.0,69.0,390.33,316.35,0.0
147,8633,Real Madrid,2011,Primera Division,22.6,49.5,6,18.0,31.5,0.0,36.0,4.5,9.0,1.0,100.0,0.8421052631578947,121.0,32.0,89.0,365.85,133.2,5.2631578947368425
148,8633,Real Madrid,2012,Primera Division,26.0,34.65,7,0.0,31.5,3.15,3.15,0.0,31.5,2.0,95.0,0.6842105263157895,103.0,42.0,61.0,167.85000000000005,84.15,-5.0
149,8633,Real Madrid,2013,Primera Division,22.44444444444445,157.95000000000005,11,38.25,119.7,0.0,5.85,90.9,61.2,3.0,90.0,0.7105263157894737,104.0,38.0,66.0,242.10000000000005,192.60000000000005,-5.2631578947368425
150,8633,Real Madrid,2014,Primera Division,23.7,113.4,8,11.7,101.7,0.0,9.0,2.7,101.7,2.0,95.0,0.7894736842105263,118.0,38.0,80.0,306.0,271.35,5.5555555555555545
151,8633,Real Madrid,2015,Primera Division,22.08333333333333,76.5,11,41.85,34.65,0.0,38.25,4.05,34.2,2.0,95.0,0.7368421052631579,110.0,34.0,76.0,347.85,189.9,0.0
152,8634,FC Barcelona,2008,Primera Division,25.1,86.4,9,26.55,59.85,0.0,58.5,0.0,27.9,1.0,100.0,0.7105263157894737,105.0,35.0,70.0,,,
153,8634,FC Barcelona,2009,Primera Division,23.53333333333333,102.15,8,35.1,67.05,0.0,27.0,75.14999999999998,0.0,1.0,100.0,0.8157894736842105,98.0,24.0,74.0,,188.55,0.0
154,8634,FC Barcelona,2010,Primera Division,23.722222222222232,65.25,9,0.0,65.25,0.0,8.55,36.0,20.7,1.0,100.0,0.7894736842105263,95.0,21.0,74.0,253.8,167.4,0.0
155,8634,FC Barcelona,2011,Primera Division,24.25,54.0,12,23.4,30.6,0.0,0.0,23.4,30.6,2.0,95.0,0.7368421052631579,114.0,29.0,85.0,221.4,119.25,-5.0
156,8634,FC Barcelona,2012,Primera Division,22.2,29.70000000000001,7,0.0,29.700000000000006,0.0,12.6,0.0,17.1,1.0,100.0,0.8421052631578947,115.0,40.0,75.0,148.95,83.7,5.2631578947368425
157,8634,FC Barcelona,2013,Primera Division,22.53333333333333,91.08,9,91.08,0.0,0.0,0.0,91.08,0.0,2.0,95.0,0.7105263157894737,100.0,33.0,67.0,174.78,120.78,-5.0
158,8634,FC Barcelona,2014,Primera Division,24.23809523809524,150.05,13,10.8,110.45,28.8,60.3,73.55,16.2,1.0,100.0,0.7894736842105263,110.0,21.0,89.0,270.83,241.13,5.2631578947368425
159,8634,FC Barcelona,2015,Primera Division,23.333333333333336,45.90000000000001,11,0.0,45.90000000000001,0.0,0.0,30.6,15.3,1.0,100.0,0.7631578947368421,112.0,29.0,83.0,287.0300000000001,195.95,0.0
160,8636,Inter Milan,2008,Serie A,23.140873015873016,59.4448401486989,34,5.084840148698885,54.36,0.0,0.0,41.17484014869889,18.27,1.0,100.0,0.6578947368421053,70.0,32.0,38.0,,,
161,8636,Inter Milan,2009,Serie A,25.72751322751323,88.86065855826733,40,10.169680297397766,49.890978260869566,28.8,16.095818409568448,40.5,32.26484014869888,1.0,100.0,0.631578947368421,75.0,34.0,41.0,,148.30549870696626,0.0
162,8636,Inter Milan,2010,Serie A,25.30208333333333,42.767818409568456,38,21.856840148698886,20.91097826086956,0.0,21.94581840956845,20.147000000000002,0.675,2.0,95.0,0.6052631578947368,69.0,42.0,27.0,191.0733171165347,131.62847696783578,-5.0
163,8636,Inter Milan,2011,Serie A,24.209523809523805,36.674840148698884,38,5.804840148698884,25.47,5.4,15.66,8.864840148698883,12.15,6.0,75.0,0.4594594594594595,56.0,53.0,3.0,168.30331711653469,79.44265855826734,-21.05263157894737
164,8636,Inter Milan,2012,Serie A,24.65833333333333,68.45,49,11.25,42.305,14.895,31.545,14.22,22.685,9.0,60.0,0.42105263157894735,55.0,57.0,-2.0,147.8926585582674,105.12484014869892,-20.0
165,8636,Inter Milan,2013,Serie A,24.994047619047624,55.074680297397755,42,28.93968029739777,25.46,0.675,11.869840148698886,17.464840148698887,25.74,5.0,80.0,0.3947368421052632,62.0,39.0,23.0,160.19952044609664,123.52468029739777,33.333333333333336
166,8636,Inter Milan,2014,Serie A,24.793127705627704,17.014520446096654,58,7.294520446096655,9.720000000000002,0.0,3.424840148698885,1.1248401486988848,12.464840148698888,8.0,65.0,0.3684210526315789,59.0,48.0,11.0,140.5392007434944,72.08920074349443,-18.75
167,8636,Inter Milan,2015,Serie A,24.722916666666666,92.37581840956844,63,34.15484014869888,50.84097826086956,7.38,16.470000000000002,38.145818409568456,37.76,4.0,85.0,0.5263157894736842,50.0,38.0,12.0,164.46501915306283,109.39033885566508,30.76923076923077
168,8639,LOSC Lille,2008,Ligue 1,22.2,16.65,13,0.45,16.2,0.0,0.0,7.65,9.0,5.0,80.0,0.4473684210526316,51.0,39.0,12.0,,,
169,8639,LOSC Lille,2009,Ligue 1,23.36111111111111,7.74,14,5.85,0.45,1.44,1.89,5.85,0.0,4.0,85.0,0.5526315789473685,72.0,40.0,32.0,,24.39,6.25
170,8639,LOSC Lille,2010,Ligue 1,22.93333333333333,0.0,8,0.0,0.0,0.0,0.0,0.0,0.0,1.0,100.0,0.5526315789473685,68.0,36.0,32.0,24.39,7.74,17.647058823529417
171,8639,LOSC Lille,2011,Ligue 1,25.7875,21.06,19,2.43,16.83,1.8,1.98,9.63,9.45,3.0,90.0,0.5526315789473685,72.0,39.0,33.0,28.8,21.06,-10.0
172,8639,LOSC Lille,2012,Ligue 1,23.214285714285715,20.25,13,11.25,9.0,0.0,2.25,6.5699999999999985,11.43,6.0,75.0,0.42105263157894735,59.0,40.0,19.0,41.31,41.31,-16.666666666666668
173,8639,LOSC Lille,2013,Ligue 1,23.47142857142857,2.655,15,0.405,2.25,0.0,2.655,0.0,0.0,3.0,90.0,0.5263157894736842,46.0,26.0,20.0,43.965,22.905,20.0
174,8639,LOSC Lille,2014,Ligue 1,21.333333333333336,7.0200000000000005,14,5.4,1.62,0.0,1.62,2.7,2.7,8.0,65.0,0.42105263157894735,43.0,42.0,1.0,29.925,9.675,-27.777777777777782
175,8639,LOSC Lille,2015,Ligue 1,25.458333333333336,11.61,22,9.45,2.16,0.0,0.9,8.010000000000002,2.7,5.0,80.0,0.3947368421052632,39.0,27.0,12.0,21.285,18.63,23.07692307692308
176,8640,PSV Eindhoven,2008,Eredivisie,21.343333333333334,17.82,16,12.78,5.04,0.0,7.29,6.93,3.6,4.0,85.0,0.5588235294117647,71.0,33.0,38.0,,,
177,8640,PSV Eindhoven,2009,Eredivisie,26.04166666666667,6.3900000000000015,13,0.0,6.3900000000000015,0.0,2.79,0.0,3.6,3.0,90.0,0.6764705882352942,72.0,29.0,43.0,,24.21,5.882352941176472
178,8640,PSV Eindhoven,2010,Eredivisie,24.26190476190476,8.55,14,4.23,4.32,0.0,4.5,4.05,0.0,3.0,90.0,0.5882352941176471,79.0,34.0,45.0,32.760000000000005,14.94,0.0
179,8640,PSV Eindhoven,2011,Eredivisie,24.785714285714285,24.525,13,15.57,8.955,0.0,2.0250000000000004,13.95,8.55,3.0,90.0,0.6176470588235294,87.0,47.0,40.0,39.465,33.075,0.0
180,8640,PSV Eindhoven,2012,Eredivisie,24.38888888888889,7.92,14,5.67,2.25,0.0,2.25,3.69,1.98,2.0,95.0,0.6470588235294118,103.0,43.0,60.0,40.99500000000001,32.445,5.5555555555555545
181,8640,PSV Eindhoven,2013,Eredivisie,24.33333333333333,12.871,14,11.206,1.665,0.0,3.758,0.248,8.865,4.0,85.0,0.5294117647058824,60.0,45.0,15.0,45.316,20.791,-10.526315789473683
182,8640,PSV Eindhoven,2014,Eredivisie,24.66666666666667,4.95,9,0.0,4.95,0.0,0.0,4.95,0.0,1.0,100.0,0.8529411764705882,92.0,31.0,61.0,25.741,17.820999999999994,17.647058823529417
183,8640,PSV Eindhoven,2015,Eredivisie,23.0,18.27,13,6.39,11.88,0.0,5.4,0.0,12.87,1.0,100.0,0.7647058823529411,88.0,32.0,56.0,36.091,23.22,0.0
184,8650,Liverpool FC,2008,Premier League,22.052350427350426,64.305,30,1.5750000000000002,62.73,0.0,4.185,31.770000000000003,28.35,2.0,95.0,0.6578947368421053,77.0,27.0,50.0,,,
185,8650,Liverpool FC,2009,Premier League,23.969387755102037,39.15000000000001,20,0.0,36.45,2.7,21.15,0.0,18.0,7.0,70.0,0.4736842105263158,61.0,35.0,26.0,,103.455,-26.315789473684212
186,8650,Liverpool FC,2010,Premier League,24.271428571428572,87.78,25,41.17999999999999,41.67,4.93,8.6,60.75,18.43,6.0,75.0,0.4473684210526316,59.0,44.0,15.0,191.235,126.93,7.142857142857142
187,8650,Liverpool FC,2011,Premier League,24.55357142857143,59.87300000000001,21,24.593000000000004,35.28,0.0,14.513000000000002,0.0,45.36,8.0,65.0,0.3684210526315789,47.0,40.0,7.0,186.80300000000003,147.65300000000005,-13.333333333333336
188,8650,Liverpool FC,2012,Premier League,23.122222222222234,63.540000000000006,21,41.94000000000001,21.6,0.0,0.0,41.94000000000001,21.6,7.0,70.0,0.42105263157894735,71.0,43.0,28.0,211.193,123.413,7.6923076923076925
189,8650,Liverpool FC,2013,Premier League,23.420634920634928,52.29,22,15.03,37.26,0.0,34.29,10.8,7.2,2.0,95.0,0.6842105263157895,101.0,50.0,51.0,175.70300000000003,115.83,35.714285714285715
190,8650,Liverpool FC,2014,Premier League,24.8125,136.29,28,62.67,68.66999999999999,4.95,40.77,56.82,38.7,6.0,75.0,0.4736842105263158,52.0,48.0,4.0,252.12,188.58,-21.05263157894737
191,8650,Liverpool FC,2015,Premier League,23.19444444444445,112.86,24,18.18,94.68,0.0,20.34,86.22,6.3,8.0,65.0,0.42105263157894735,63.0,50.0,13.0,301.44,249.15,-13.333333333333336
192,8668,Everton FC,2008,Premier League,25.041666666666664,24.015941176470584,14,19.643,2.93,1.4429411764705882,1.505941176470588,2.48,20.03,5.0,80.0,0.4473684210526316,55.0,37.0,18.0,,,
193,8668,Everton FC,2009,Premier League,23.82142857142857,20.97,17,0.0,15.12,5.85,11.97,0.0,9.0,8.0,65.0,0.42105263157894735,60.0,49.0,11.0,,44.985941176470575,-18.75
194,8668,Everton FC,2010,Premier League,21.91333333333333,1.53,13,1.53,0.0,0.0,0.0,1.53,0.0,7.0,70.0,0.34210526315789475,51.0,45.0,6.0,46.51594117647058,22.5,7.6923076923076925
195,8668,Everton FC,2011,Premier League,23.79444444444444,6.48,20,0.0,6.48,0.0,0.0,5.94,0.54,7.0,70.0,0.3947368421052632,50.0,40.0,10.0,28.98,8.01,0.0
196,8668,Everton FC,2012,Premier League,24.309523809523807,20.692881720430105,12,8.622881720430106,6.89,5.18,8.397881720430107,12.294999999999998,0.0,6.0,75.0,0.42105263157894735,55.0,40.0,15.0,28.702881720430106,27.17288172043011,7.142857142857142
197,8668,Everton FC,2013,Premier League,24.802721088435373,28.62,19,16.919999999999998,11.7,0.0,3.6,11.25,13.77,5.0,80.0,0.5526315789473685,61.0,39.0,22.0,55.792881720430096,49.3128817204301,6.666666666666668
198,8668,Everton FC,2014,Premier League,25.260204081632647,37.33788172043009,19,37.337881720430104,0.0,0.0,1.1978817204301075,31.82,4.32,11.0,50.0,0.3157894736842105,48.0,50.0,-2.0,86.65076344086022,65.95788172043011,-37.5
199,8668,Everton FC,2015,Premier League,23.557142857142853,45.20788172043011,20,12.087881720430108,33.12,0.0,14.067881720430107,31.14,0.0,11.0,50.0,0.2894736842105263,59.0,55.0,4.0,111.16576344086022,82.5457634408602,0.0
200,8674,FC Groningen,2008,Eredivisie,22.16666666666667,7.227,8,1.98,5.247000000000001,0.0,0.9,2.565,3.762000000000001,6.0,75.0,0.5,53.0,36.0,17.0,,,
201,8674,FC Groningen,2009,Eredivisie,24.08333333333333,1.7690000000000001,12,1.7690000000000001,0.0,0.0,0.45,1.319,0.0,8.0,65.0,0.4117647058823529,48.0,47.0,1.0,,8.996,-13.333333333333336
202,8674,FC Groningen,2010,Eredivisie,22.7,2.385,10,1.935,0.45,0.0,0.45,1.665,0.27,5.0,80.0,0.5,65.0,52.0,13.0,11.380999999999998,4.154,23.07692307692308
203,8674,FC Groningen,2011,Eredivisie,22.60416666666667,1.7690000000000001,12,1.31,0.45899999999999996,0.0,0.45,1.31,0.009000000000000001,14.0,35.0,0.29411764705882354,41.0,61.0,-20.0,5.922999999999999,4.154,-56.25
204,8674,FC Groningen,2012,Eredivisie,21.90909090909091,2.553,25,2.17,0.38299999999999995,0.0,0.5450000000000002,0.495,1.5130000000000001,7.0,70.0,0.35294117647058826,36.0,53.0,-17.0,6.707000000000002,4.322,100.0
205,8674,FC Groningen,2013,Eredivisie,23.54166666666667,0.585,17,0.0,0.585,0.0,0.585,0.0,0.0,7.0,70.0,0.4117647058823529,57.0,53.0,4.0,4.907,3.138,0.0
206,8674,FC Groningen,2014,Eredivisie,24.452380952380967,4.1826739130434785,14,1.8230000000000002,2.359673913043478,0.0,0.6856739130434784,1.4040000000000001,2.093,10.0,55.0,0.3235294117647059,49.0,53.0,-4.0,7.320673913043477,4.767673913043478,-21.428571428571427
207,8674,FC Groningen,2015,Eredivisie,23.523809523809533,3.335,12,2.21,1.125,0.0,0.765,1.26,1.31,7.0,70.0,0.4117647058823529,41.0,48.0,-7.0,8.102673913043478,7.517673913043477,27.272727272727273
208,8686,AS Roma,2008,Serie A,24.84607843137255,30.4305,44,13.6005,14.31,2.52,10.4955,10.8,9.135,6.0,75.0,0.4736842105263158,64.0,61.0,3.0,,,
209,8686,AS Roma,2009,Serie A,24.410687229437233,3.15,34,0.0,3.15,0.0,3.15,0.0,0.0,2.0,95.0,0.631578947368421,68.0,41.0,27.0,,33.5805,26.66666666666667
210,8686,AS Roma,2010,Serie A,25.256084656084656,13.18675,32,1.2427499999999998,11.224,0.72,10.87275,2.314,0.0,6.0,75.0,0.4736842105263158,59.0,52.0,7.0,46.76725,16.33675,-21.05263157894737
211,8686,AS Roma,2011,Serie A,24.04365079365079,86.0225,35,53.0435,32.979,0.0,16.44675,58.181000000000004,11.39475,7.0,70.0,0.4324324324324325,59.0,52.0,7.0,102.35925,99.20925,-6.666666666666668
212,8686,AS Roma,2012,Serie A,25.57777777777777,39.44,46,23.28,12.11,4.05,17.69,12.34,9.41,6.0,75.0,0.4736842105263158,71.0,56.0,15.0,138.64925,125.4625,7.142857142857142
213,8686,AS Roma,2013,Serie A,25.939763939763946,70.165,46,28.160999999999998,40.564,1.44,19.611,15.75,34.804,2.0,95.0,0.6842105263157895,72.0,25.0,47.0,195.6275,109.605,26.66666666666667
214,8686,AS Roma,2014,Serie A,25.99814814814815,89.565,47,35.55500000000001,51.76000000000001,2.25,25.3,44.91,19.355,2.0,95.0,0.5,54.0,31.0,23.0,199.17,159.73000000000005,0.0
215,8686,AS Roma,2015,Serie A,22.42013888888889,54.076,60,22.415,31.660999999999998,0.0,7.56,30.105,16.410999999999998,3.0,90.0,0.6052631578947368,83.0,41.0,42.0,213.80599999999998,143.641,-5.2631578947368425
216,8689,FC Lorient,2008,Ligue 1,23.592857142857145,2.7,15,2.7,0.0,0.0,0.0,2.7,0.0,10.0,55.0,0.2631578947368421,47.0,47.0,0.0,,,
217,8689,FC Lorient,2009,Ligue 1,24.805555555555554,6.3000000000000025,17,0.0,6.300000000000002,0.0,4.95,0.0,1.35,7.0,70.0,0.42105263157894735,54.0,42.0,12.0,,9.000000000000002,27.272727272727273
218,8689,FC Lorient,2010,Ligue 1,22.33333333333333,5.4,16,4.5,0.9,0.0,3.15,1.35,0.9,11.0,50.0,0.3157894736842105,46.0,48.0,-2.0,14.400000000000002,11.700000000000005,-28.57142857142857
219,8689,FC Lorient,2011,Ligue 1,24.32142857142857,9.990000000000002,21,6.300000000000002,3.69,0.0,1.8,6.3900000000000015,1.8,17.0,20.0,0.2368421052631579,35.0,49.0,-14.0,21.690000000000005,15.390000000000002,-60.0
220,8689,FC Lorient,2012,Ligue 1,25.48611111111111,9.0,13,0.9,8.1,0.0,0.0,0.0,9.0,8.0,65.0,0.3684210526315789,57.0,58.0,-1.0,24.39,18.99,225.0
221,8689,FC Lorient,2013,Ligue 1,21.15,2.7,15,2.7,0.0,0.0,0.0,0.0,2.7,9.0,60.0,0.34210526315789475,48.0,53.0,-5.0,21.69,11.7,-7.6923076923076925
222,8689,FC Lorient,2014,Ligue 1,23.67857142857143,8.641197183098592,18,5.355,3.2861971830985914,0.0,1.0361971830985917,4.5,3.105,16.0,25.0,0.3157894736842105,44.0,50.0,-6.0,20.341197183098593,11.341197183098593,-58.33333333333334
223,8689,FC Lorient,2015,Ligue 1,22.55,8.93,14,1.62,7.31,0.0,1.35,5.96,1.62,15.0,30.0,0.2894736842105263,47.0,58.0,-11.0,20.27119718309859,17.57119718309859,20.0
224,8697,SV Werder Bremen,2008,1 Bundesliga,22.0,5.22,11,3.195,2.025,0.0,2.25,1.935,1.035,10.0,55.0,0.35294117647058826,64.0,50.0,14.0,,,
225,8697,SV Werder Bremen,2009,1 Bundesliga,24.252777777777766,11.7,16,9.225,0.675,1.8,0.18,3.465,8.055,3.0,90.0,0.5,71.0,40.0,31.0,,16.919999999999998,63.63636363636363
226,8697,SV Werder Bremen,2010,1 Bundesliga,24.291666666666664,14.616,15,7.866,6.75,0.0,0.0,7.56,7.056,13.0,40.0,0.29411764705882354,47.0,61.0,-14.0,31.535999999999998,26.316,-55.555555555555564
227,8697,SV Werder Bremen,2011,1 Bundesliga,22.78333333333333,7.92,17,6.66,1.26,0.0,2.0700000000000003,0.0,5.85,9.0,60.0,0.3235294117647059,49.0,58.0,-9.0,34.236000000000004,22.536,50.0
228,8697,SV Werder Bremen,2012,1 Bundesliga,22.04166666666667,13.255,13,1.555,11.7,0.0,6.1,6.750000000000001,0.405,14.0,35.0,0.2352941176470588,50.0,66.0,-16.0,35.791,21.175,-41.66666666666666
229,8697,SV Werder Bremen,2013,1 Bundesliga,23.33333333333333,9.23,10,2.03,7.200000000000001,0.0,2.48,2.7,4.050000000000002,12.0,45.0,0.29411764705882354,42.0,66.0,-24.0,30.405,22.485,28.57142857142857
230,8697,SV Werder Bremen,2014,1 Bundesliga,22.16666666666667,5.895,16,4.544999999999999,1.35,0.0,5.715,0.0,0.18,10.0,55.0,0.3235294117647059,50.0,65.0,-15.0,28.38000000000001,15.125,22.222222222222218
231,8697,SV Werder Bremen,2015,1 Bundesliga,26.737037037037037,11.592,23,1.062,10.44,0.09,1.287,7.83,2.475,13.0,40.0,0.29411764705882354,50.0,65.0,-15.0,26.717,17.487000000000002,-27.272727272727273
232,8721,VfL Wolfsburg,2008,1 Bundesliga,24.15476190476189,29.79,19,5.355,24.435,0.0,19.665,4.275,5.85,1.0,100.0,0.6176470588235294,80.0,41.0,39.0,,,
233,8721,VfL Wolfsburg,2009,1 Bundesliga,25.7,24.57,14,0.99,23.58,0.0,4.5,10.44,9.63,8.0,65.0,0.4117647058823529,64.0,58.0,6.0,,54.36,-35.0
234,8721,VfL Wolfsburg,2010,1 Bundesliga,24.08888888888889,50.535,18,15.165,33.12,2.25,13.5,17.865000000000006,19.17,15.0,30.0,0.2647058823529412,43.0,48.0,-5.0,104.89499999999998,75.10499999999998,-53.846153846153854
235,8721,VfL Wolfsburg,2011,1 Bundesliga,25.38333333333333,43.92000000000001,28,20.790000000000006,22.5,0.63,18.9,9.63,15.39,8.0,65.0,0.38235294117647056,47.0,60.0,-13.0,119.025,94.455,116.66666666666669
236,8721,VfL Wolfsburg,2012,1 Bundesliga,24.766666666666666,24.39,20,0.27,24.12,0.0,9.27,13.5,1.62,11.0,50.0,0.29411764705882354,47.0,52.0,-5.0,118.845,68.31,-23.07692307692308
237,8721,VfL Wolfsburg,2013,1 Bundesliga,24.29761904761905,45.540000000000006,28,21.33,24.21,0.0,5.760000000000002,0.0,39.78,5.0,80.0,0.5294117647058824,63.0,50.0,13.0,113.85000000000002,69.93,60.0
238,8721,VfL Wolfsburg,2014,1 Bundesliga,23.261111111111113,40.545,15,1.35,39.195,0.0,3.6,28.8,8.145000000000001,2.0,95.0,0.5882352941176471,72.0,38.0,34.0,110.475,86.08500000000002,18.75
239,8721,VfL Wolfsburg,2015,1 Bundesliga,23.875,61.29,13,41.04,16.200000000000006,4.05,4.05,15.750000000000002,41.49,8.0,65.0,0.35294117647058826,47.0,49.0,-2.0,147.375,101.835,-31.578947368421048
240,9748,Olympique Lyon,2008,Ligue 1,28.47142857142857,52.02,17,27.81,24.21,0.0,15.21,4.05,32.76,3.0,90.0,0.5263157894736842,52.0,29.0,23.0,,,
241,9748,Olympique Lyon,2009,Ligue 1,22.58333333333333,73.53,15,24.03,49.5,0.0,24.03,33.3,16.2,2.0,95.0,0.5263157894736842,64.0,38.0,26.0,,125.55,5.5555555555555545
242,9748,Olympique Lyon,2010,Ligue 1,23.83333333333333,25.596,7,0.0,25.596,0.0,0.396,5.4,19.8,3.0,90.0,0.4473684210526316,61.0,40.0,21.0,151.14600000000004,99.126,-5.2631578947368425
243,9748,Olympique Lyon,2011,Ligue 1,21.75,4.1400000000000015,13,1.62,2.52,0.0,2.52,0.0,1.62,4.0,85.0,0.5,64.0,51.0,13.0,103.266,29.736,-5.5555555555555545
244,9748,Olympique Lyon,2012,Ligue 1,24.027777777777786,7.88,15,0.0,7.88,0.0,5.18,0.0,2.7,3.0,90.0,0.5,61.0,38.0,23.0,37.616,12.02,5.882352941176472
245,9748,Olympique Lyon,2013,Ligue 1,24.33333333333333,3.6,14,0.0,2.7,0.9,2.7,0.9,0.0,5.0,80.0,0.4473684210526316,56.0,44.0,12.0,15.62,11.48,-11.111111111111109
246,9748,Olympique Lyon,2014,Ligue 1,22.41666666666667,3.06,7,1.71,0.0,1.35,2.7,0.36,0.0,2.0,95.0,0.5789473684210527,72.0,33.0,39.0,14.54,6.66,18.75
247,9748,Olympique Lyon,2015,Ligue 1,24.61904761904761,36.99,12,14.85,16.740000000000002,5.4,11.34,10.8,14.85,2.0,95.0,0.5,67.0,43.0,24.0,43.65000000000001,40.05,0.0
248,9768,Sporting CP,2008,Liga Nos,22.37962962962963,8.684999999999999,29,0.135,8.55,0.0,2.385,2.25,4.05,2.0,95.0,0.6666666666666666,45.0,20.0,25.0,,,
249,9768,Sporting CP,2009,Liga Nos,24.325,13.499,28,0.149,11.82,1.53,2.8489999999999998,5.85,4.8,4.0,85.0,0.43333333333333335,42.0,26.0,16.0,,22.184,-10.526315789473683
250,9768,Sporting CP,2010,Liga Nos,25.059027777777786,11.52,33,3.15,8.370000000000001,0.0,6.66,0.09,4.7700000000000005,3.0,90.0,0.43333333333333335,41.0,31.0,10.0,33.70399999999999,25.019,5.882352941176472
251,9768,Sporting CP,2011,Liga Nos,23.639965986394557,30.519,37,8.269000000000002,22.25,0.0,4.1880000000000015,14.960999999999999,11.37,4.0,85.0,0.6,47.0,26.0,21.0,55.538000000000004,42.039,-5.5555555555555545
252,9768,Sporting CP,2012,Liga Nos,24.4875,9.853031055900619,32,8.27303105590062,1.58,0.0,5.18,3.6,1.0730310559006209,6.0,75.0,0.3666666666666665,36.0,36.0,0.0,51.892031055900624,40.37203105590061,-11.764705882352944
253,9768,Sporting CP,2013,Liga Nos,24.42857142857143,3.29,23,0.0,3.29,0.0,1.125,2.165,0.0,2.0,95.0,0.6666666666666666,54.0,20.0,34.0,43.66203105590061,13.143031055900614,26.66666666666667
254,9768,Sporting CP,2014,Liga Nos,23.70833333333333,9.885,17,7.92,1.965,0.0,5.040000000000001,1.695,3.15,3.0,90.0,0.6470588235294118,67.0,29.0,38.0,23.028031055900627,13.175,-5.2631578947368425
255,9768,Sporting CP,2015,Liga Nos,25.75396825396825,9.137,28,0.0,5.7349999999999985,3.4019999999999997,4.545,3.4019999999999997,1.19,2.0,95.0,0.7941176470588235,79.0,21.0,58.0,22.311999999999998,19.022,5.5555555555555545
256,9772,SL Benfica,2008,Liga Nos,24.2125,23.41,33,7.43,15.98,0.0,6.3,7.3,9.81,3.0,90.0,0.5666666666666667,54.0,32.0,22.0,,,
257,9772,SL Benfica,2009,Liga Nos,24.00357142857143,30.87,44,20.88,9.989999999999998,0.0,3.6,10.53,16.74,1.0,100.0,0.8,78.0,20.0,58.0,,54.28,11.111111111111109
258,9772,SL Benfica,2010,Liga Nos,22.661014911014913,37.76446428571428,47,23.715,14.049464285714285,0.0,15.685,19.71,2.3694642857142862,2.0,95.0,0.6666666666666666,61.0,31.0,30.0,92.04446428571428,68.63446428571429,-5.0
259,9772,SL Benfica,2011,Liga Nos,24.13044308632544,28.883464285714286,50,18.954,9.929464285714284,0.0,7.2,1.9734642857142852,19.71,2.0,95.0,0.7,66.0,27.0,39.0,97.51792857142857,66.64792857142857,0.0
260,9772,SL Benfica,2012,Liga Nos,25.227543290043286,26.100000000000005,39,20.700000000000006,5.4,0.0,1.8,24.300000000000004,0.0,2.0,95.0,0.8,77.0,20.0,57.0,92.74792857142856,54.98346428571429,0.0
261,9772,SL Benfica,2013,Liga Nos,22.96428571428571,50.17,29,20.29,29.88,0.0,13.23,18.0,18.94,1.0,100.0,0.7666666666666667,58.0,18.0,40.0,105.15346428571428,76.27000000000002,5.2631578947368425
262,9772,SL Benfica,2014,Liga Nos,24.510416666666664,34.78999999999999,36,16.61,17.1,1.08,9.63,6.75,18.41,1.0,100.0,0.7941176470588235,86.0,16.0,70.0,111.06,84.96,0.0
263,9772,SL Benfica,2015,Liga Nos,22.57500000000001,31.815,35,9.045,22.77,0.0,2.34,29.385,0.09,1.0,100.0,0.8529411764705882,88.0,22.0,66.0,116.775,66.60499999999999,0.0
264,9773,FC Porto,2008,Liga Nos,24.375974025974024,30.74041714285714,45,19.580417142857144,11.16,0.0,6.525,4.95,19.265417142857142,1.0,100.0,0.7,61.0,18.0,43.0,,,
265,9773,FC Porto,2009,Liga Nos,23.51525974025975,28.56,56,8.91,19.65,0.0,9.45,7.59,11.52,3.0,90.0,0.7,70.0,26.0,44.0,,59.30041714285714,-10.0
266,9773,FC Porto,2010,Liga Nos,22.420370370370367,33.31541714285714,44,23.055417142857145,10.26,0.0,3.96,9.23,20.125417142857145,1.0,100.0,0.9,73.0,16.0,57.0,92.61583428571429,61.87541714285714,11.111111111111109
267,9773,FC Porto,2011,Liga Nos,24.363888888888887,40.45,35,32.35,8.100000000000001,0.0,26.42,8.629999999999999,5.4,1.0,100.0,0.7666666666666667,69.0,19.0,50.0,102.32541714285715,73.76541714285716,0.0
268,9773,FC Porto,2012,Liga Nos,26.454166666666666,11.76,24,1.78,9.08,0.9,2.8600000000000003,8.0,0.9,1.0,100.0,0.8,70.0,14.0,56.0,85.52541714285717,52.21,0.0
269,9773,FC Porto,2013,Liga Nos,24.35,31.23,19,15.75,15.48,0.0,6.3,4.77,20.16,3.0,90.0,0.6333333333333333,57.0,25.0,32.0,83.44,42.99,-10.0
270,9773,FC Porto,2014,Liga Nos,25.24761904761905,48.34,28,24.03,24.31,0.0,10.76,19.62,17.96,2.0,95.0,0.7352941176470589,74.0,13.0,61.0,91.33,79.57000000000002,5.5555555555555545
271,9773,FC Porto,2015,Liga Nos,25.898809523809533,38.97,34,27.45,11.52,0.0,0.45,4.77,33.75,3.0,90.0,0.6764705882352942,67.0,30.0,37.0,118.54,87.31,-5.2631578947368425
272,9789,Borussia Dortmund,2008,1 Bundesliga,24.392857142857146,12.38,13,6.0299999999999985,5.9,0.45,8.639999999999999,2.61,1.13,6.0,75.0,0.4411764705882353,60.0,37.0,23.0,,,
273,9789,Borussia Dortmund,2009,1 Bundesliga,22.91666666666667,9.81,14,5.13,4.68,0.0,5.13,4.68,0.0,5.0,80.0,0.4705882352941176,54.0,42.0,12.0,,22.19,6.666666666666668
274,9789,Borussia Dortmund,2010,1 Bundesliga,23.83333333333333,5.045000000000001,12,5.045000000000001,0.0,0.0,0.45,4.28,0.315,1.0,100.0,0.6764705882352942,67.0,22.0,45.0,27.235,14.855,25.0
275,9789,Borussia Dortmund,2011,1 Bundesliga,24.35,10.103000000000002,8,10.103000000000002,0.0,0.0,0.203,4.95,4.95,1.0,100.0,0.7352941176470589,80.0,25.0,55.0,24.95800000000001,15.148000000000005,0.0
276,9789,Borussia Dortmund,2012,1 Bundesliga,22.36666666666667,23.985,12,2.43,21.555,0.0,0.0,4.95,19.035,2.0,95.0,0.5588235294117647,81.0,42.0,39.0,39.133,34.088,-5.0
277,9789,Borussia Dortmund,2013,1 Bundesliga,24.07142857142857,47.34,13,1.98,45.36,0.0,8.91,11.7,26.73,2.0,95.0,0.6470588235294118,80.0,38.0,42.0,81.428,71.325,0.0
278,9789,Borussia Dortmund,2014,1 Bundesliga,23.11111111111111,58.67999999999999,9,9.0,49.68,0.0,9.0,25.38,24.3,7.0,70.0,0.38235294117647056,47.0,42.0,5.0,130.005,106.02,-26.315789473684212
279,9789,Borussia Dortmund,2015,1 Bundesliga,22.88888888888889,18.0,12,2.25,15.75,0.0,5.85,0.0,12.15,2.0,95.0,0.7058823529411765,82.0,34.0,48.0,124.02,76.67999999999998,35.714285714285715
280,9790,Hamburger SV,2008,1 Bundesliga,24.035714285714285,31.01,15,8.64,22.1,0.27,13.05,6.57,11.39,5.0,80.0,0.5588235294117647,49.0,47.0,2.0,,,
281,9790,Hamburger SV,2009,1 Bundesliga,25.6,27.405,18,18.405,5.4,3.6,5.4,17.1,4.905,7.0,70.0,0.38235294117647056,56.0,41.0,15.0,,58.415000000000006,-12.5
282,9790,Hamburger SV,2010,1 Bundesliga,23.08333333333333,13.68,11,1.98,11.7,0.0,8.73,0.0,4.95,8.0,65.0,0.35294117647058826,46.0,52.0,-6.0,72.095,41.085,-7.142857142857142
283,9790,Hamburger SV,2011,1 Bundesliga,23.704761904761906,12.51,21,6.21,6.3,0.0,4.59,7.4700000000000015,0.45,15.0,30.0,0.2352941176470588,35.0,57.0,-22.0,53.595,26.19,-53.846153846153854
284,9790,Hamburger SV,2012,1 Bundesliga,23.714285714285715,24.3,11,2.25,22.05,0.0,0.0,5.4,18.9,7.0,70.0,0.4117647058823529,42.0,53.0,-11.0,50.49,36.81,133.33333333333334
285,9790,Hamburger SV,2013,1 Bundesliga,24.03333333333333,2.115,12,2.115,0.0,0.0,1.26,0.855,0.0,16.0,25.0,0.2058823529411765,51.0,75.0,-24.0,38.925,26.415,-64.28571428571429
286,9790,Hamburger SV,2014,1 Bundesliga,24.38095238095239,32.225,20,8.055,22.370000000000005,1.8,7.835000000000001,14.670000000000002,9.72,16.0,25.0,0.2647058823529412,25.0,50.0,-25.0,58.64,34.34,0.0
287,9790,Hamburger SV,2015,1 Bundesliga,24.0,19.665,19,3.105,16.56,0.0,0.675,6.3900000000000015,12.599999999999998,10.0,55.0,0.3235294117647059,40.0,46.0,-6.0,54.005,51.89,120.0
288,9791,Heracles Almelo,2008,Eredivisie,22.38055555555556,0.5686693548387096,22,0.34125,0.2274193548387097,0.0,0.158,0.3656693548387097,0.045,15.0,30.0,0.2058823529411765,35.0,53.0,-18.0,,,
289,9791,Heracles Almelo,2009,Eredivisie,24.26190476190476,0.0525,11,0.0525,0.0,0.0,0.02625,0.0,0.02625,6.0,75.0,0.5,54.0,49.0,5.0,,0.6211693548387096,150.0
290,9791,Heracles Almelo,2010,Eredivisie,23.20833333333333,0.07875,11,0.07875,0.0,0.0,0.02625,0.0,0.0525,8.0,65.0,0.4117647058823529,65.0,56.0,9.0,0.6999193548387096,0.13125,-13.333333333333336
291,9791,Heracles Almelo,2011,Eredivisie,19.722222222222225,0.27,7,0.27,0.0,0.0,0.0,0.0,0.27,12.0,45.0,0.3235294117647059,52.0,62.0,-10.0,0.40125,0.34875,-30.76923076923077
292,9791,Heracles Almelo,2012,Eredivisie,25.16666666666667,0.3227096774193549,11,0.09,0.2327096774193549,0.0,0.28800000000000003,0.034709677419354844,0.0,12.0,45.0,0.2647058823529412,58.0,71.0,-13.0,0.6714596774193549,0.592709677419355,0.0
293,9791,Heracles Almelo,2013,Eredivisie,25.11904761904761,0.35720967741935483,15,0.3225,0.034709677419354844,0.0,0.0,0.08720967741935484,0.27,14.0,35.0,0.29411764705882354,45.0,59.0,-14.0,0.9499193548387096,0.6799193548387097,-22.222222222222218
294,9791,Heracles Almelo,2014,Eredivisie,25.052380952380954,0.07875,16,0.07875,0.0,0.0,0.0525,0.02625,0.0,14.0,35.0,0.3235294117647059,47.0,64.0,-17.0,0.7586693548387098,0.4359596774193548,0.0
295,9791,Heracles Almelo,2015,Eredivisie,23.75,0.2325,10,0.2325,0.0,0.0,0.20625,0.02625,0.0,6.0,75.0,0.4117647058823529,47.0,49.0,-2.0,0.6684596774193549,0.31125,114.28571428571428
296,9823,Bayern Munich,2008,1 Bundesliga,26.5,0.0,7,0.0,0.0,0.0,0.0,0.0,0.0,2.0,95.0,0.5882352941176471,71.0,42.0,29.0,,,
297,9823,Bayern Munich,2009,1 Bundesliga,23.58333333333333,68.13000000000001,13,0.0,58.23,9.9,8.73,49.5,9.9,1.0,100.0,0.5882352941176471,72.0,31.0,41.0,,68.13000000000001,5.2631578947368425
298,9823,Bayern Munich,2010,1 Bundesliga,24.666666666666664,15.3,8,0.0,15.3,0.0,0.0,0.0,15.3,3.0,90.0,0.5588235294117647,81.0,40.0,41.0,83.43,83.43,-10.0
299,9823,Bayern Munich,2011,1 Bundesliga,21.58333333333333,46.89,8,14.94,31.95,0.0,44.1,2.79,0.0,2.0,95.0,0.6764705882352942,77.0,22.0,55.0,130.32,62.19,5.5555555555555545
300,9823,Bayern Munich,2012,1 Bundesliga,24.625,63.27,10,11.34,51.93,0.0,4.95,22.32,36.0,1.0,100.0,0.8529411764705882,98.0,18.0,80.0,125.46,110.16,5.2631578947368425
301,9823,Bayern Munich,2013,1 Bundesliga,20.944444444444443,55.8,8,55.8,0.0,0.0,0.0,0.0,55.8,1.0,100.0,0.8529411764705882,94.0,23.0,71.0,165.95999999999995,119.07,0.0
302,9823,Bayern Munich,2014,1 Bundesliga,24.125,48.06,9,12.06,25.2,10.8,37.26000000000001,2.7,8.1,1.0,100.0,0.7352941176470589,80.0,18.0,62.0,167.13,103.86,0.0
303,9823,Bayern Munich,2015,1 Bundesliga,22.5,80.1,10,13.95,66.15,0.0,13.05,33.3,33.75,1.0,100.0,0.8235294117647058,80.0,17.0,63.0,183.96,128.16,0.0
304,9825,Arsenal FC,2008,Premier League,22.94444444444445,36.135,16,20.43,14.85,0.855,0.855,14.85,20.43,4.0,85.0,0.5263157894736842,68.0,37.0,31.0,,,
305,9825,Arsenal FC,2009,Premier League,22.96333333333333,10.8,17,0.0,10.8,0.0,10.8,0.0,0.0,3.0,90.0,0.6052631578947368,83.0,41.0,42.0,,46.935,5.882352941176472
306,9825,Arsenal FC,2010,Premier League,23.982142857142854,21.2667,21,4.1667000000000005,11.25,5.85,17.1,4.1667000000000005,0.0,4.0,85.0,0.5,72.0,43.0,29.0,68.20169999999999,32.0667,-5.5555555555555545
307,9825,Arsenal FC,2011,Premier League,25.34642857142857,58.925,37,15.005,43.92,0.0,11.18,17.549999999999994,30.195,3.0,90.0,0.5526315789473685,74.0,49.0,25.0,90.9917,80.1917,5.882352941176472
308,9825,Arsenal FC,2012,Premier League,23.355555555555554,50.4,18,0.0,50.4,0.0,9.0,24.3,17.1,4.0,85.0,0.5526315789473685,72.0,37.0,35.0,130.5917,109.325,-5.5555555555555545
309,9825,Arsenal FC,2013,Premier League,23.897278911564626,44.325,24,0.45,43.2,0.675,1.35,0.0,42.975,4.0,85.0,0.631578947368421,68.0,41.0,27.0,153.64999999999995,94.725,0.0
310,9825,Arsenal FC,2014,Premier League,22.133333333333336,107.09,19,20.24,86.85,0.0,50.84,56.25,0.0,3.0,90.0,0.5789473684210527,71.0,36.0,35.0,201.81500000000003,151.41500000000005,5.882352941176472
311,9825,Arsenal FC,2015,Premier League,24.607142857142854,23.85,14,0.0,11.25,12.6,12.6,0.0,11.25,2.0,95.0,0.5263157894736842,65.0,36.0,29.0,175.265,130.94,5.5555555555555545
312,9827,FC Girondins Bordeaux,2008,Ligue 1,22.77083333333333,7.1099999999999985,11,7.1099999999999985,0.0,0.0,0.0,5.85,1.26,1.0,100.0,0.631578947368421,64.0,34.0,30.0,,,
313,9827,FC Girondins Bordeaux,2009,Ligue 1,22.266666666666666,25.65,16,12.15,13.5,0.0,10.8,0.0,14.85,6.0,75.0,0.5,58.0,40.0,18.0,,32.76,-25.0
314,9827,FC Girondins Bordeaux,2010,Ligue 1,22.68,9.943448275862067,15,5.8934482758620685,4.05,0.0,1.8434482758620687,8.1,0.0,7.0,70.0,0.3157894736842105,43.0,42.0,1.0,42.70344827586207,35.593448275862066,-6.666666666666668
315,9827,FC Girondins Bordeaux,2011,Ligue 1,22.65,4.09344827586207,17,0.49344827586206896,3.6,0.0,2.7,0.0,1.3934482758620692,5.0,80.0,0.42105263157894735,53.0,41.0,12.0,39.68689655172413,14.036896551724135,14.285714285714285
316,9827,FC Girondins Bordeaux,2012,Ligue 1,22.5625,2.52,8,2.52,0.0,0.0,0.0,2.52,0.0,7.0,70.0,0.34210526315789475,40.0,34.0,6.0,16.556896551724137,6.613448275862068,-12.5
317,9827,FC Girondins Bordeaux,2013,Ligue 1,24.785714285714285,3.15,10,0.0,3.15,0.0,3.15,0.0,0.0,7.0,70.0,0.34210526315789475,49.0,43.0,6.0,9.76344827586207,5.67,0.0
318,9827,FC Girondins Bordeaux,2014,Ligue 1,23.369047619047624,6.93,19,3.15,3.78,0.0,1.35,3.15,2.43,6.0,75.0,0.4473684210526316,47.0,44.0,3.0,12.6,10.08,7.142857142857142
319,9827,FC Girondins Bordeaux,2015,Ligue 1,22.83333333333333,9.900000000000002,13,8.100000000000001,1.8,0.0,2.7,4.5,2.7,11.0,50.0,0.3157894736842105,50.0,57.0,-7.0,19.98,16.830000000000002,-33.333333333333336
320,9831,OGC Nice,2008,Ligue 1,21.46,18.225,14,9.675,8.55,0.0,1.8,11.25,5.175,9.0,60.0,0.34210526315789475,40.0,41.0,-1.0,,,
321,9831,OGC Nice,2009,Ligue 1,25.61904761904761,3.8433698630136974,12,2.6013698630136988,0.0,1.242,0.6933698630136986,3.15,0.0,15.0,30.0,0.2894736842105263,41.0,57.0,-16.0,,22.0683698630137,-50.0
322,9831,OGC Nice,2010,Ligue 1,24.45833333333333,1.53,12,0.36,0.9,0.27,1.26,0.27,0.0,17.0,20.0,0.2894736842105263,33.0,48.0,-15.0,23.5983698630137,5.373369863013698,-33.333333333333336
323,9831,OGC Nice,2011,Ligue 1,24.5,7.515,18,0.0,7.515,0.0,1.89,2.655,2.97,13.0,40.0,0.2631578947368421,39.0,46.0,-7.0,12.888369863013699,9.045,100.0
324,9831,OGC Nice,2012,Ligue 1,21.777777777777786,5.4,19,1.35,4.050000000000002,0.0,2.7,1.35,1.35,4.0,85.0,0.4736842105263158,57.0,46.0,11.0,14.445,12.915,112.5
325,9831,OGC Nice,2013,Ligue 1,23.41666666666667,0.0,10,0.0,0.0,0.0,0.0,0.0,0.0,17.0,20.0,0.3157894736842105,30.0,44.0,-14.0,12.915,5.4,-76.47058823529412
326,9831,OGC Nice,2014,Ligue 1,24.714285714285715,1.5213698630136987,12,0.8013698630136987,0.72,0.0,0.72,0.45,0.35136986301369866,11.0,50.0,0.34210526315789475,44.0,53.0,-9.0,6.921369863013699,1.5213698630136987,150.0
327,9831,OGC Nice,2015,Ligue 1,22.55,3.69,22,0.9,2.79,0.0,0.54,1.35,1.8,4.0,85.0,0.4736842105263158,58.0,41.0,17.0,5.211369863013699,5.211369863013699,70.0
328,9847,Paris Saint-Germain,2008,Ligue 1,26.291666666666664,9.45,15,0.0,7.2,2.25,0.0,2.25,7.2,6.0,75.0,0.5,49.0,38.0,11.0,,,
329,9847,Paris Saint-Germain,2009,Ligue 1,26.22916666666667,13.95,15,7.65,2.25,4.05,2.97,10.98,0.0,13.0,40.0,0.3157894736842105,50.0,46.0,4.0,,23.4,-46.66666666666666
330,9847,Paris Saint-Germain,2010,Ligue 1,24.222222222222232,8.1,10,0.0,8.1,0.0,1.35,0.0,6.75,4.0,85.0,0.3947368421052632,56.0,41.0,15.0,31.5,22.05,112.5
331,9847,Paris Saint-Germain,2011,Ligue 1,23.72619047619048,96.39,20,37.8,52.74,5.85,16.740000000000002,17.1,62.55,2.0,95.0,0.6052631578947368,75.0,41.0,34.0,118.44,104.49,11.764705882352944
332,9847,Paris Saint-Germain,2012,Ligue 1,25.125,135.9,11,46.8,70.19999999999999,18.9,43.2,81.9,10.8,1.0,100.0,0.6578947368421053,69.0,23.0,46.0,240.39,232.29,5.2631578947368425
333,9847,Paris Saint-Germain,2013,Ligue 1,24.802721088435373,122.31,18,41.76000000000001,80.55,0.0,41.76000000000001,58.05,22.5,1.0,100.0,0.7105263157894737,84.0,23.0,61.0,354.6,258.21000000000004,0.0
334,9847,Paris Saint-Germain,2014,Ligue 1,23.29166666666667,44.55,9,0.0,44.55,0.0,44.55,0.0,0.0,1.0,100.0,0.631578947368421,83.0,36.0,47.0,302.76,166.86,0.0
335,9847,Paris Saint-Germain,2015,Ligue 1,22.725,104.49,9,31.5,72.99000000000002,0.0,47.79,56.7,0.0,1.0,100.0,0.7894736842105263,102.0,19.0,83.0,271.35,149.04,0.0
336,9851,Stade Rennais FC,2008,Ligue 1,21.095833333333328,12.6,16,7.2,5.4,0.0,5.4,7.2,0.0,7.0,70.0,0.3947368421052632,42.0,34.0,8.0,,,
337,9851,Stade Rennais FC,2009,Ligue 1,24.309523809523807,13.4521875,18,0.4021874999999999,13.05,0.0,0.31218749999999995,9.9,3.24,9.0,60.0,0.3684210526315789,52.0,41.0,11.0,,26.0521875,-14.285714285714285
338,9851,Stade Rennais FC,2010,Ligue 1,23.05,20.2921875,20,4.9921875,13.95,1.35,6.75,10.8,2.7421875,6.0,75.0,0.3947368421052632,38.0,35.0,3.0,46.34437500000001,33.744375000000005,25.0
339,9851,Stade Rennais FC,2011,Ligue 1,24.472222222222207,15.12,10,0.9,12.69,1.53,0.9,10.62,3.6,6.0,75.0,0.4473684210526316,53.0,44.0,9.0,48.864375,35.4121875,0.0
340,9851,Stade Rennais FC,2012,Ligue 1,24.857142857142854,7.83,15,5.58,2.25,0.0,0.0,2.25,5.58,13.0,40.0,0.34210526315789475,48.0,59.0,-11.0,43.2421875,22.95,-46.66666666666666
341,9851,Stade Rennais FC,2013,Ligue 1,24.9375,13.545000000000002,21,5.4,5.4449999999999985,2.7,1.8,8.82,2.9250000000000003,12.0,45.0,0.2894736842105263,47.0,45.0,2.0,36.495,21.375,12.5
342,9851,Stade Rennais FC,2014,Ligue 1,24.130952380952376,15.095402884615385,23,4.1821875,10.913215384615382,0.0,6.6021875,4.32,4.173215384615385,9.0,60.0,0.34210526315789475,35.0,42.0,-7.0,36.470402884615396,28.640402884615394,33.333333333333336
343,9851,Stade Rennais FC,2015,Ligue 1,22.375,5.0760000000000005,18,0.45,4.626,0.0,0.9,2.3760000000000003,1.8,8.0,65.0,0.34210526315789475,52.0,54.0,-2.0,33.71640288461539,20.171402884615386,8.333333333333334
344,9853,AS Saint-Étienne,2008,Ligue 1,23.08333333333333,8.55,18,3.15,5.4,0.0,3.6,4.95,0.0,17.0,20.0,0.2894736842105263,40.0,56.0,-16.0,,,
345,9853,AS Saint-Étienne,2009,Ligue 1,23.0,17.549999999999994,13,5.85,11.7,0.0,0.72,12.78,4.05,17.0,20.0,0.2631578947368421,27.0,45.0,-18.0,,26.099999999999994,0.0
346,9853,AS Saint-Étienne,2010,Ligue 1,25.25,3.5330000000000004,14,0.54,2.8800000000000003,0.113,0.113,0.54,2.8800000000000003,10.0,55.0,0.3157894736842105,46.0,47.0,-1.0,29.633000000000003,21.082999999999995,175.0
347,9853,AS Saint-Étienne,2011,Ligue 1,24.91666666666667,14.490000000000002,21,3.87,8.82,1.8,4.7700000000000005,6.75,2.97,7.0,70.0,0.42105263157894735,49.0,45.0,4.0,35.57299999999999,18.023000000000003,27.272727272727273
348,9853,AS Saint-Étienne,2012,Ligue 1,26.16666666666667,4.05,17,0.45,3.6,0.0,0.45,3.6,0.0,5.0,80.0,0.42105263157894735,60.0,32.0,28.0,22.073000000000004,18.540000000000006,14.285714285714285
349,9853,AS Saint-Étienne,2013,Ligue 1,23.18333333333333,14.94,18,0.09,14.85,0.0,6.300000000000002,4.14,4.5,4.0,85.0,0.5263157894736842,56.0,34.0,22.0,33.480000000000004,18.99,6.25
350,9853,AS Saint-Étienne,2014,Ligue 1,23.92,3.6,9,0.0,3.6,0.0,0.0,3.6,0.0,5.0,80.0,0.5,51.0,30.0,21.0,22.59,18.54,-5.882352941176472
351,9853,AS Saint-Étienne,2015,Ligue 1,23.690476190476183,18.270000000000003,17,5.67,12.6,0.0,2.25,13.14,2.88,6.0,75.0,0.4473684210526316,42.0,37.0,5.0,36.81,21.870000000000005,-6.25
352,9875,SSC Napoli,2008,Serie A,25.952380952380967,27.505,17,0.315,24.78,2.41,14.56,6.78,6.165,12.0,45.0,0.3157894736842105,43.0,45.0,-2.0,,,
353,9875,SSC Napoli,2009,Serie A,25.86111111111111,50.72250735294117,18,5.5825073529411755,43.43,1.71,15.66,21.78250735294117,13.28,6.0,75.0,0.3947368421052632,50.0,43.0,7.0,,78.22750735294117,66.66666666666667
354,9875,SSC Napoli,2010,Serie A,25.47063492063492,22.58395779531325,32,11.165014705882351,9.798943089430896,1.62,9.182507352941176,10.70145044237207,2.7,3.0,90.0,0.5526315789473685,59.0,39.0,20.0,100.81146514825441,73.30646514825442,20.0
355,9875,SSC Napoli,2011,Serie A,26.803703703703704,68.0289430894309,36,17.1,50.928943089430895,0.0,15.66,25.47,26.89894308943089,4.0,85.0,0.4444444444444444,64.0,41.0,23.0,141.33540823768533,90.61290088474415,-5.5555555555555545
356,9875,SSC Napoli,2012,Serie A,24.91458333333333,30.55394308943089,30,9.05,18.348943089430893,3.155,7.43,6.975,16.148943089430894,2.0,95.0,0.6052631578947368,73.0,36.0,37.0,121.16684397417505,98.58288617886178,11.764705882352944
357,9875,SSC Napoli,2013,Serie A,25.79960317460317,96.705,42,20.895000000000003,74.68,1.13,27.225,60.03000000000001,9.45,3.0,90.0,0.6052631578947368,77.0,39.0,38.0,195.28788617886173,127.25894308943087,-5.2631578947368425
358,9875,SSC Napoli,2014,Serie A,25.691666666666666,33.92894308943089,39,0.0,32.12894308943089,1.8,13.55,12.38,7.998943089430895,5.0,80.0,0.4864864864864865,68.0,50.0,18.0,161.18788617886182,130.63394308943091,-11.111111111111109
359,9875,SSC Napoli,2015,Serie A,23.697562358276645,38.43,35,12.06,24.57,1.8,13.95,0.0,24.48,2.0,95.0,0.6578947368421053,80.0,32.0,48.0,169.0639430894309,72.35894308943088,18.75
360,9885,Juventus FC,2008,Serie A,24.626530612244892,37.06691639871383,33,4.841916398713827,29.975,2.25,6.615,21.131916398713827,9.32,3.0,90.0,0.5526315789473685,69.0,37.0,32.0,,,
361,9885,Juventus FC,2009,Serie A,23.853571428571428,53.98191639871382,33,1.9619163987138264,50.22,1.8,2.25,4.9319163987138275,46.8,7.0,70.0,0.42105263157894735,55.0,56.0,-1.0,,91.04883279742764,-22.222222222222218
362,9885,Juventus FC,2010,Serie A,25.59375,61.543845376044,47,1.6918327974276526,55.80201257861636,4.05,21.63183279742765,22.926006289308177,16.986006289308175,7.0,70.0,0.3947368421052632,57.0,47.0,10.0,152.59267817347163,115.52576177475784,0.0
363,9885,Juventus FC,2011,Serie A,25.081101190476193,92.27191639871384,46,3.6719163987138264,88.60000000000002,0.0,14.12,52.81191639871383,25.34,1.0,100.0,0.6285714285714286,64.0,19.0,45.0,207.79767817347167,153.81576177475785,42.857142857142854
364,9885,Juventus FC,2012,Serie A,25.23839285714286,73.10392897733018,47,19.421916398713826,53.68201257861635,0.0,42.73191639871383,23.4,6.9720125786163525,1.0,100.0,0.7105263157894737,71.0,24.0,47.0,226.919690752088,165.37584537604403,0.0
365,9885,Juventus FC,2013,Serie A,24.228174603174605,38.400916398713825,41,12.165916398713824,26.235000000000007,0.0,20.031916398713825,16.073999999999998,2.295,1.0,100.0,0.8684210526315791,80.0,23.0,57.0,203.77676177475783,111.504845376044,0.0
366,9885,Juventus FC,2014,Serie A,24.72869318181818,54.52574919614149,63,40.575749196141494,12.24,1.71,18.935749196141483,21.55,14.04,1.0,100.0,0.6842105263157895,72.0,24.0,48.0,166.0305945721855,92.92666559485531,0.0
367,9885,Juventus FC,2015,Serie A,23.611904761904764,137.1459163987138,83,50.24591639871382,75.19999999999997,11.7,25.655,75.77999999999999,35.71091639871382,1.0,100.0,0.7631578947368421,75.0,20.0,55.0,230.07258199356914,191.6716655948553,0.0
368,9906,Atlético Madrid,2008,Primera Division,24.666666666666664,23.85,13,1.35,20.7,1.8,10.8,9.0,4.050000000000002,4.0,85.0,0.5263157894736842,80.0,57.0,23.0,,,
369,9906,Atlético Madrid,2009,Primera Division,24.347222222222207,15.53,15,13.5,2.03,0.0,7.4300000000000015,7.2,0.9,9.0,60.0,0.34210526315789475,57.0,61.0,-4.0,,39.38,-29.411764705882355
370,9906,Atlético Madrid,2010,Primera Division,22.22916666666667,30.65,10,0.9,29.75,0.0,21.83,0.9,7.92,5.0,80.0,0.4473684210526316,62.0,53.0,9.0,70.03,46.18,33.333333333333336
371,9906,Atlético Madrid,2011,Primera Division,23.67857142857143,76.68,21,14.58,62.10000000000001,0.0,8.280000000000001,47.7,20.7,5.0,80.0,0.3947368421052632,53.0,46.0,7.0,122.86,107.33,0.0
372,9906,Atlético Madrid,2012,Primera Division,25.01190476190476,4.05,14,0.0,3.15,0.9,4.05,0.0,0.0,3.0,90.0,0.6052631578947368,65.0,31.0,34.0,111.38,80.73,12.5
373,9906,Atlético Madrid,2013,Primera Division,24.72142857142857,32.4,20,16.11,14.4,1.89,12.51,8.19,11.7,1.0,100.0,0.7368421052631579,77.0,26.0,51.0,113.13,36.45,11.111111111111109
374,9906,Atlético Madrid,2014,Primera Division,25.68703703703704,107.055,25,22.455,81.9,2.7,30.555,76.5,0.0,3.0,90.0,0.6052631578947368,67.0,29.0,38.0,143.50500000000005,139.455,-10.0
375,9906,Atlético Madrid,2015,Primera Division,23.93611111111111,129.25,21,55.36,73.88999999999999,0.0,36.9,76.15,16.200000000000006,3.0,90.0,0.7368421052631579,63.0,18.0,45.0,268.705,236.305,0.0
376,9908,FC Utrecht,2008,Eredivisie,23.0,1.7981506849315068,12,0.2231506849315069,1.575,0.0,1.1915753424657536,0.36,0.2465753424657535,9.0,60.0,0.3235294117647059,41.0,44.0,-3.0,,,
377,9908,FC Utrecht,2009,Eredivisie,24.16666666666667,5.2200000000000015,11,4.41,0.81,0.0,2.16,3.06,0.0,7.0,70.0,0.4117647058823529,39.0,33.0,6.0,,7.018150684931508,16.666666666666668
378,9908,FC Utrecht,2010,Eredivisie,22.266666666666666,1.7067260273972602,11,0.9647260273972604,0.742,0.0,0.11157534246575344,0.8535753424657534,0.7415753424657534,9.0,60.0,0.38235294117647056,55.0,51.0,4.0,8.724876712328768,6.926726027397263,-14.285714285714285
379,9908,FC Utrecht,2011,Eredivisie,26.064285714285717,7.4231506849315085,19,2.1131506849315067,5.3100000000000005,0.0,1.1015753424657535,4.431575342465754,1.89,11.0,50.0,0.3235294117647059,55.0,58.0,-3.0,14.349876712328772,9.12987671232877,-16.666666666666668
380,9908,FC Utrecht,2012,Eredivisie,23.222222222222207,1.395,10,0.09,1.305,0.0,0.45,0.0,0.945,5.0,80.0,0.5588235294117647,55.0,41.0,14.0,10.52487671232877,8.818150684931508,60.0
381,9908,FC Utrecht,2013,Eredivisie,25.464285714285715,0.247,13,0.0,0.247,0.0,0.247,0.0,0.0,10.0,55.0,0.3235294117647059,46.0,65.0,-19.0,9.065150684931508,1.642,-31.25
382,9908,FC Utrecht,2014,Eredivisie,22.60119047619048,0.6055753424657535,22,0.11157534246575344,0.494,0.0,0.247,0.35857534246575345,0.0,11.0,50.0,0.3235294117647059,60.0,62.0,-2.0,2.2475753424657534,0.8525753424657535,-9.090909090909092
383,9908,FC Utrecht,2015,Eredivisie,22.15,1.102,17,0.855,0.247,0.0,0.18,0.675,0.247,5.0,80.0,0.4411764705882353,57.0,48.0,9.0,1.9545753424657537,1.7075753424657536,60.0
384,9941,FC Toulouse,2008,Ligue 1,24.41666666666667,8.82,18,0.0,8.82,0.0,3.42,2.7,2.7,4.0,85.0,0.42105263157894735,45.0,27.0,18.0,,,
385,9941,FC Toulouse,2009,Ligue 1,23.91666666666667,6.16811320754717,12,2.25,3.9181132075471696,0.0,0.7681132075471697,2.25,3.15,14.0,35.0,0.3157894736842105,36.0,36.0,0.0,,14.988113207547169,-58.82352941176471
386,9941,FC Toulouse,2010,Ligue 1,20.8125,0.0,9,0.0,0.0,0.0,0.0,0.0,0.0,8.0,65.0,0.3684210526315789,38.0,36.0,2.0,14.988113207547169,6.16811320754717,85.71428571428571
387,9941,FC Toulouse,2011,Ligue 1,22.7,12.0,11,7.0200000000000005,4.98,0.0,3.18,8.82,0.0,8.0,65.0,0.3947368421052632,37.0,34.0,3.0,18.16811320754717,12.0,0.0
388,9941,FC Toulouse,2012,Ligue 1,23.33333333333333,1.2183823529411764,10,0.31838235294117645,0.9,0.0,0.31838235294117645,0.9,0.0,10.0,55.0,0.34210526315789475,49.0,47.0,2.0,13.218382352941177,13.218382352941177,-15.384615384615385
389,9941,FC Toulouse,2013,Ligue 1,24.51190476190476,12.2,15,6.8900000000000015,5.3100000000000005,0.0,4.32,1.8,6.08,10.0,55.0,0.3157894736842105,46.0,53.0,-7.0,25.418382352941176,13.418382352941176,0.0
390,9941,FC Toulouse,2014,Ligue 1,21.833333333333336,3.468113207547169,11,0.72,2.7481132075471697,0.0,1.6681132075471696,0.72,1.08,17.0,20.0,0.3157894736842105,43.0,64.0,-21.0,16.886495560488346,15.668113207547169,-63.63636363636363
391,9941,FC Toulouse,2015,Ligue 1,22.13333333333333,2.6100000000000003,10,0.0,2.6100000000000003,0.0,0.45,0.0,2.16,17.0,20.0,0.2368421052631579,45.0,55.0,-10.0,18.278113207547168,6.078113207547169,0.0
392,10189,FC Schalke 04,2008,1 Bundesliga,20.8,14.175,8,0.225,13.95,0.0,0.0,9.225,4.95,8.0,65.0,0.4117647058823529,47.0,35.0,12.0,,,
393,10189,FC Schalke 04,2009,1 Bundesliga,24.34761904761905,7.740000000000002,23,5.985000000000001,1.755,0.0,0.45,0.99,6.300000000000002,2.0,95.0,0.5588235294117647,53.0,31.0,22.0,,21.91500000000001,46.153846153846146
394,10189,FC Schalke 04,2010,1 Bundesliga,25.66666666666667,32.49,22,5.13,27.0,0.36,5.49,12.6,14.400000000000002,14.0,35.0,0.3235294117647059,38.0,44.0,-6.0,54.405,40.23,-63.157894736842096
395,10189,FC Schalke 04,2011,1 Bundesliga,25.645833333333336,6.57,13,2.7,3.87,0.0,3.42,1.8,1.35,3.0,90.0,0.5882352941176471,74.0,44.0,30.0,46.8,39.06,157.14285714285714
396,10189,FC Schalke 04,2012,1 Bundesliga,23.990476190476194,5.85,18,0.0,5.85,0.0,0.0,4.5,1.35,4.0,85.0,0.4705882352941176,58.0,50.0,8.0,44.91,12.42,-5.5555555555555545
397,10189,FC Schalke 04,2013,1 Bundesliga,22.25,23.45,13,5.45,17.999999999999996,0.0,0.9,18.72,3.83,3.0,90.0,0.5588235294117647,63.0,43.0,20.0,35.87,29.3,5.882352941176472
398,10189,FC Schalke 04,2014,1 Bundesliga,24.142857142857146,3.96,14,0.0,3.96,0.0,0.0,2.25,1.71,6.0,75.0,0.38235294117647056,42.0,40.0,2.0,33.26,27.41,-16.666666666666668
399,10189,FC Schalke 04,2015,1 Bundesliga,24.04761904761905,33.39,16,23.94,9.45,0.0,13.14,5.4,14.85,5.0,80.0,0.4411764705882353,51.0,49.0,2.0,60.8,37.35,6.666666666666668
400,10212,CS Marítimo,2008,Liga Nos,25.39814814814815,0.019230582524271848,23,0.01725,0.001980582524271845,0.0,0.0,0.001980582524271845,0.01725,9.0,60.0,0.3,35.0,36.0,-1.0,,,
401,10212,CS Marítimo,2009,Liga Nos,25.688775510204078,0.0013203883495145634,19,0.0,0.0013203883495145634,0.0,0.0,0.0,0.0013203883495145634,5.0,80.0,0.3666666666666665,42.0,43.0,-1.0,,0.02055097087378641,33.333333333333336
402,10212,CS Marítimo,2010,Liga Nos,25.704081632653065,0.03648058252427185,26,0.0345,0.001980582524271845,0.0,0.017910194174757282,0.018570388349514563,0.0,9.0,60.0,0.3,33.0,32.0,1.0,0.057031553398058266,0.03780097087378642,-25.0
403,10212,CS Marítimo,2011,Liga Nos,24.333333333333336,0.069,21,0.069,0.0,0.0,0.0345,0.01725,0.01725,5.0,80.0,0.4666666666666667,41.0,38.0,3.0,0.10680097087378644,0.10548058252427188,33.333333333333336
404,10212,CS Marítimo,2012,Liga Nos,24.357142857142854,0.035160194174757284,15,0.0345,0.0006601941747572817,0.0,0.017910194174757282,0.01725,0.0,10.0,55.0,0.3,34.0,45.0,-11.0,0.14064077669902916,0.10416019417475728,-31.25
405,10212,CS Marítimo,2013,Liga Nos,23.626666666666665,0.15423058252427185,13,0.15225,0.001980582524271845,0.0,0.1356601941747573,0.0,0.018570388349514563,6.0,75.0,0.3666666666666665,40.0,44.0,-4.0,0.2583907766990292,0.18939077669902915,36.36363636363637
406,10212,CS Marítimo,2014,Liga Nos,23.916666666666664,0.4485509708737864,16,0.37725,0.07130097087378641,0.0,0.0006601941747572817,0.06932038834951458,0.37857038834951456,9.0,60.0,0.35294117647058826,46.0,45.0,1.0,0.6379417475728155,0.6027815533980583,-20.0
407,10212,CS Marítimo,2015,Liga Nos,23.55333333333333,0.0026407766990291267,19,0.0,0.0026407766990291267,0.0,0.0013203883495145634,0.0006601941747572817,0.0006601941747572817,13.0,40.0,0.29411764705882354,45.0,63.0,-18.0,0.6054223300970873,0.4511917475728156,-33.333333333333336
408,10214,CD Nacional,2008,Liga Nos,21.61507936507937,0.8299430284857572,22,0.3333913043478261,0.4965517241379311,0.0,0.0571304347826087,0.6638410794602699,0.10897151424287856,4.0,85.0,0.5,47.0,32.0,15.0,,,
409,10214,CD Nacional,2009,Liga Nos,22.95555555555555,0.8004062968515742,21,0.0571304347826087,0.7432758620689655,0.0,0.023275862068965515,0.7485652173913043,0.02856521739130435,7.0,70.0,0.3333333333333333,36.0,46.0,-10.0,,1.6303493253373311,-17.647058823529417
410,10214,CD Nacional,2010,Liga Nos,23.18333333333333,1.392247376311844,21,1.3456956521739132,0.04655172413793103,0.0,0.05184107946026986,0.08040629685157423,1.26,6.0,75.0,0.3666666666666665,28.0,31.0,-3.0,3.022596701649176,2.1926536731634183,7.142857142857142
411,10214,CD Nacional,2011,Liga Nos,24.44791666666667,0.7554062968515742,22,0.0571304347826087,0.6982758620689655,0.0,0.05184107946026986,0.675,0.02856521739130435,7.0,70.0,0.43333333333333335,48.0,50.0,-2.0,2.9480599700149925,2.1476536731634184,-6.666666666666668
412,10214,CD Nacional,2012,Liga Nos,22.136111111111113,0.16295802098950524,22,0.09313043478260873,0.06982758620689655,0.0,0.02856521739130435,0.0983928035982009,0.036000000000000004,8.0,65.0,0.3666666666666665,45.0,51.0,-6.0,2.310611694152924,0.9183643178410794,-7.142857142857142
413,10214,CD Nacional,2013,Liga Nos,22.555555555555557,1.3351169415292354,22,1.1985652173913044,0.136551724137931,0.0,0.1132758620689655,1.1032758620689656,0.11856521739130435,5.0,80.0,0.3666666666666665,43.0,33.0,10.0,2.2534812593703157,1.4980749625187406,23.07692307692308
414,10214,CD Nacional,2014,Liga Nos,23.019444444444453,0.0571304347826087,23,0.0571304347826087,0.0,0.0,0.0,0.02856521739130435,0.02856521739130435,7.0,70.0,0.38235294117647056,45.0,46.0,-1.0,1.555205397301349,1.392247376311844,-12.5
415,10214,CD Nacional,2015,Liga Nos,22.397222222222233,0.12695802098950526,25,0.0571304347826087,0.06982758620689655,0.0,0.05184107946026986,0.05184107946026986,0.023275862068965515,11.0,50.0,0.29411764705882354,40.0,56.0,-16.0,1.5192053973013495,0.184088455772114,-28.57142857142857
416,10228,SC Heerenveen,2008,Eredivisie,25.223958333333336,8.361592920353981,24,7.231592920353982,1.13,0.0,3.735,4.626592920353981,0.0,5.0,80.0,0.5,66.0,57.0,9.0,,,
417,10228,SC Heerenveen,2009,Eredivisie,25.660416666666666,3.663185840707965,19,1.4131858407079645,2.25,0.0,1.35,2.1465929203539824,0.1665929203539823,11.0,50.0,0.3235294117647059,44.0,64.0,-20.0,,12.024778761061945,-37.5
418,10228,SC Heerenveen,2010,Eredivisie,21.333333333333336,2.48,12,2.48,0.0,0.0,0.0,2.48,0.0,12.0,45.0,0.29411764705882354,60.0,54.0,6.0,14.504778761061944,6.1431858407079645,-10.0
419,10228,SC Heerenveen,2011,Eredivisie,25.38095238095239,1.305,16,0.0,1.305,0.0,0.585,0.0,0.72,5.0,80.0,0.5294117647058824,79.0,59.0,20.0,7.448185840707965,3.785,77.77777777777777
420,10228,SC Heerenveen,2012,Eredivisie,24.97916666666667,2.1358019639934533,19,0.0,2.0873404255319152,0.04846153846153847,0.72,1.1284615384615386,0.2873404255319149,8.0,65.0,0.3235294117647059,50.0,63.0,-13.0,5.920801963993451,3.4408019639934535,-18.75
421,10228,SC Heerenveen,2013,Eredivisie,24.1,1.925054458815521,16,1.8765929203539824,0.0,0.04846153846153847,0.0,0.7965929203539823,1.1284615384615386,5.0,80.0,0.4705882352941176,72.0,51.0,21.0,5.3658564228089745,4.060856422808975,23.07692307692308
422,10228,SC Heerenveen,2014,Eredivisie,23.06926406926407,3.1681858407079644,27,2.2231858407079645,0.315,0.63,0.1665929203539823,2.295,0.7065929203539824,7.0,70.0,0.38235294117647056,53.0,46.0,7.0,7.229042263516938,5.093240299523485,-12.5
423,10228,SC Heerenveen,2015,Eredivisie,22.972222222222232,3.2765929203539828,17,2.5565929203539826,0.72,0.0,0.27,2.8400000000000003,0.1665929203539823,13.0,40.0,0.3235294117647059,46.0,61.0,-15.0,8.369833219877469,6.444778761061947,-42.857142857142854
424,10229,AZ Alkmaar,2008,Eredivisie,22.722222222222207,3.848,11,0.54,3.3080000000000003,0.0,0.54,0.608,2.7,1.0,100.0,0.7352941176470589,66.0,22.0,44.0,,,
425,10229,AZ Alkmaar,2009,Eredivisie,24.55,5.929013157894738,11,3.2290131578947365,2.7,0.0,0.45,0.0,5.479013157894737,5.0,80.0,0.5588235294117647,64.0,34.0,30.0,,9.777013157894736,-20.0
426,10229,AZ Alkmaar,2010,Eredivisie,21.355555555555558,3.8530263157894735,20,3.7630263157894737,0.09,0.0,2.2780263157894733,0.9,0.675,4.0,85.0,0.5,55.0,44.0,11.0,13.63003947368421,9.782039473684213,6.25
427,10229,AZ Alkmaar,2011,Eredivisie,21.7,4.669013157894737,11,3.2290131578947365,1.44,0.0,1.35,3.3190131578947364,0.0,4.0,85.0,0.5588235294117647,64.0,35.0,29.0,14.451052631578946,8.52203947368421,0.0
428,10229,AZ Alkmaar,2012,Eredivisie,21.61666666666667,4.984013157894736,17,4.219013157894737,0.7649999999999999,0.0,0.7090131578947372,1.89,2.385,10.0,55.0,0.29411764705882354,56.0,54.0,2.0,13.506052631578946,9.653026315789473,-35.29411764705883
429,10229,AZ Alkmaar,2013,Eredivisie,22.66666666666667,4.804013157894737,11,4.579013157894737,0.225,0.0,1.35,0.7540131578947369,2.7,8.0,65.0,0.38235294117647056,54.0,50.0,4.0,14.45703947368421,9.788026315789473,18.181818181818183
430,10229,AZ Alkmaar,2014,Eredivisie,22.5,1.8790131578947369,17,1.6090131578947369,0.27,0.0,0.5290131578947369,1.17,0.18,3.0,90.0,0.5588235294117647,63.0,56.0,7.0,11.667039473684213,6.683026315789473,38.46153846153846
431,10229,AZ Alkmaar,2015,Eredivisie,24.625,4.759013157894737,19,2.5990131578947366,2.16,0.0,0.81,2.5990131578947366,1.35,4.0,85.0,0.5294117647058824,70.0,53.0,17.0,11.442039473684213,6.638026315789473,-5.5555555555555545
432,10233,Genoa CFC,2008,Serie A,23.914625850340137,53.49267186290768,41,20.96797037037037,31.444701492537316,1.08,28.05198518518519,23.150694085129906,2.2899925925925926,4.0,85.0,0.5,56.0,39.0,17.0,,,
433,10233,Genoa CFC,2009,Serie A,24.84754273504273,71.85485074626865,61,27.05,42.554850746268656,2.25,19.26,38.65,13.944850746268655,9.0,60.0,0.3684210526315789,57.0,61.0,-4.0,,125.34752260917637,-29.411764705882355
434,10233,Genoa CFC,2010,Serie A,25.09914998196249,68.64067927031509,64,16.090977777777773,52.54970149253731,0.0,31.205694085129906,22.309985185185184,15.125,10.0,55.0,0.3684210526315789,45.0,47.0,-2.0,193.9882018794914,140.49553001658376,-8.333333333333334
435,10233,Genoa CFC,2011,Serie A,25.119029581529585,49.30810763416477,68,9.771985185185184,30.65,8.88612244897959,18.01211504157218,15.12,16.175992592592593,16.0,25.0,0.3055555555555556,48.0,67.0,-19.0,189.80363765074847,117.94878690447986,-54.54545454545455
436,10233,Genoa CFC,2012,Serie A,25.740674603174604,29.06065246556334,73,16.67997777777778,10.109552238805971,2.271122448979592,9.041816534109495,15.24883593145384,4.7700000000000005,17.0,20.0,0.21052631578947367,38.0,52.0,-14.0,147.0094393700432,78.36876009972809,-20.0
437,10233,Genoa CFC,2013,Serie A,25.72777777777778,22.90790456335105,67,14.374992592592593,5.169850746268658,3.363061224489796,5.5600000000000005,7.284992592592592,10.062911970758453,13.0,40.0,0.2894736842105263,41.0,50.0,-9.0,101.27666466307915,51.9685570289144,100.0
438,10233,Genoa CFC,2014,Serie A,25.584171075837745,10.095544831398565,57,1.2459925925925923,7.049552238805969,1.8,2.2448507462686558,5.785843338861248,2.0648507462686565,6.0,75.0,0.42105263157894735,62.0,47.0,15.0,62.06410186031296,33.00344939474961,87.5
439,10233,Genoa CFC,2015,Serie A,25.56860670194003,12.751985185185184,53,6.946985185185184,4.905,0.9,7.050992592592592,5.250992592592593,0.45,10.0,55.0,0.34210526315789475,45.0,48.0,-3.0,45.755434579934786,22.847530016583747,-26.66666666666667
440,10235,Feyenoord Rotterdam,2008,Eredivisie,25.333333333333336,5.1075,22,0.2175,4.5,0.39,0.39,0.135,4.5825,7.0,70.0,0.35294117647058826,54.0,46.0,8.0,,,
441,10235,Feyenoord Rotterdam,2009,Eredivisie,22.69444444444445,4.8599999999999985,13,0.63,4.23,0.0,1.35,3.15,0.36,4.0,85.0,0.5,54.0,31.0,23.0,,9.967499999999998,21.428571428571427
442,10235,Feyenoord Rotterdam,2010,Eredivisie,23.95,0.2625,21,0.2625,0.0,0.0,0.2625,0.0,0.0,10.0,55.0,0.35294117647058826,53.0,54.0,-1.0,10.23,5.122499999999999,-35.29411764705883
443,10235,Feyenoord Rotterdam,2011,Eredivisie,24.11904761904761,0.0,12,0.0,0.0,0.0,0.0,0.0,0.0,2.0,95.0,0.6176470588235294,70.0,37.0,33.0,5.122499999999999,0.2625,72.72727272727273
444,10235,Feyenoord Rotterdam,2012,Eredivisie,23.442857142857147,2.496666666666666,19,0.54,1.9566666666666663,0.0,0.6183333333333332,0.6183333333333332,1.26,3.0,90.0,0.6176470588235294,64.0,38.0,26.0,2.7591666666666663,2.496666666666666,-5.2631578947368425
445,10235,Feyenoord Rotterdam,2013,Eredivisie,22.35,2.7,10,0.0,2.7,0.0,0.0,2.7,0.0,2.0,95.0,0.5882352941176471,76.0,40.0,36.0,5.196666666666666,5.196666666666666,5.5555555555555545
446,10235,Feyenoord Rotterdam,2014,Eredivisie,24.59183673469388,7.83,18,3.15,4.68,0.0,0.9,3.15,3.78,4.0,85.0,0.5,56.0,39.0,17.0,13.026666666666667,10.53,-10.526315789473683
447,10235,Feyenoord Rotterdam,2015,Eredivisie,24.40476190476189,9.45,20,2.7,6.75,0.0,2.25,1.35,5.85,3.0,90.0,0.5588235294117647,62.0,40.0,22.0,19.98,17.28,5.882352941176472
448,10238,Vitória Setúbal FC,2008,Liga Nos,22.777777777777786,0.0,21,0.0,0.0,0.0,0.0,0.0,0.0,14.0,35.0,0.2333333333333333,21.0,46.0,-25.0,,,
449,10238,Vitória Setúbal FC,2009,Liga Nos,24.865773809523805,0.5694545454545453,37,0.0,0.5694545454545453,0.0,0.0,0.00981818181818182,0.5596363636363635,14.0,35.0,0.16666666666666666,29.0,57.0,-28.0,,0.5694545454545453,0.0
450,10238,Vitória Setúbal FC,2010,Liga Nos,25.097916666666666,0.014727272727272731,31,0.0,0.014727272727272731,0.0,0.00490909090909091,0.00490909090909091,0.00490909090909091,12.0,45.0,0.26666666666666666,29.0,42.0,-13.0,0.584181818181818,0.584181818181818,28.57142857142857
451,10238,Vitória Setúbal FC,2011,Liga Nos,25.44583333333333,0.0,24,0.0,0.0,0.0,0.0,0.0,0.0,11.0,50.0,0.26666666666666666,24.0,49.0,-25.0,0.584181818181818,0.014727272727272731,11.111111111111109
452,10238,Vitória Setúbal FC,2012,Liga Nos,25.37619047619048,0.014727272727272731,20,0.0,0.014727272727272731,0.0,0.00981818181818182,0.00490909090909091,0.0,12.0,45.0,0.2333333333333333,30.0,55.0,-25.0,0.029454545454545462,0.014727272727272731,-10.0
453,10238,Vitória Setúbal FC,2013,Liga Nos,24.5625,0.02454545454545455,28,0.0,0.02454545454545455,0.0,0.014727272727272731,0.00490909090909091,0.00490909090909091,7.0,70.0,0.3333333333333333,41.0,41.0,0.0,0.03927272727272728,0.03927272727272728,55.555555555555564
454,10238,Vitória Setúbal FC,2014,Liga Nos,24.379166666666666,0.00490909090909091,28,0.0,0.00490909090909091,0.0,0.00490909090909091,0.0,0.0,15.0,30.0,0.2058823529411765,24.0,56.0,-32.0,0.0441818181818182,0.029454545454545462,-57.14285714285714
455,10238,Vitória Setúbal FC,2015,Liga Nos,25.740476190476194,0.00981818181818182,31,0.0,0.00981818181818182,0.0,0.00490909090909091,0.0,0.00490909090909091,16.0,25.0,0.17647058823529413,40.0,61.0,-21.0,0.03927272727272728,0.014727272727272731,-16.666666666666668
456,10260,Manchester United,2008,Premier League,21.158333333333328,40.725,21,6.525,34.2,0.0,0.225,40.5,0.0,1.0,100.0,0.7368421052631579,68.0,24.0,44.0,,,
457,10260,Manchester United,2009,Premier League,22.46333333333333,24.660000000000004,21,7.65,17.01,0.0,17.01,7.65,0.0,2.0,95.0,0.7105263157894737,86.0,28.0,58.0,,65.385,-5.0
458,10260,Manchester United,2010,Premier League,21.69230769230769,26.37,26,21.87,4.5,0.0,11.7,14.67,0.0,1.0,100.0,0.6052631578947368,78.0,37.0,41.0,91.755,51.03,5.2631578947368425
459,10260,Manchester United,2011,Premier League,23.72,56.07000000000001,21,39.87000000000001,16.2,0.0,56.07000000000001,0.0,0.0,2.0,95.0,0.7368421052631579,89.0,33.0,56.0,107.10000000000002,82.44000000000003,-5.0
460,10260,Manchester United,2012,Premier League,23.55357142857143,70.60400584795322,24,24.074005847953213,46.53,0.0,6.2940058479532155,43.16,21.15,1.0,100.0,0.7368421052631579,86.0,43.0,43.0,153.04400584795323,126.67400584795324,5.2631578947368425
461,10260,Manchester United,2013,Premier League,22.075714285714287,69.42,24,0.0,69.42,0.0,0.0,0.0,69.42,7.0,70.0,0.5,64.0,43.0,21.0,196.09400584795318,140.02400584795322,-30.0
462,10260,Manchester United,2014,Premier League,24.06349206349207,175.82000000000005,28,35.33,140.49,0.0,69.08,74.34,32.4,4.0,85.0,0.5263157894736842,62.0,37.0,25.0,315.84400584795327,245.24000000000007,21.428571428571427
463,10260,Manchester United,2015,Premier League,25.434523809523807,140.4,22,84.6,47.7,8.1,16.2,84.6,39.6,5.0,80.0,0.5,49.0,35.0,14.0,385.64,316.22,-5.882352941176472
464,10264,SC Braga,2008,Liga Nos,22.60634920634921,2.352010294117647,32,1.358110294117647,0.9939,0.0,0.40671029411764703,0.7753,1.17,5.0,80.0,0.43333333333333335,38.0,21.0,17.0,,,
465,10264,SC Braga,2009,Liga Nos,24.8125,0.7654102941176469,40,0.3681102941176471,0.3973,0.0,0.045,0.27041029411764705,0.45,2.0,95.0,0.7333333333333333,48.0,20.0,28.0,,3.1174205882352943,18.75
466,10264,SC Braga,2010,Liga Nos,24.75992063492064,0.7276,41,0.27,0.4576,0.0,0.29300000000000004,0.16459999999999994,0.27,4.0,85.0,0.43333333333333335,45.0,33.0,12.0,3.845020588235294,1.493010294117647,-10.526315789473683
467,10264,SC Braga,2011,Liga Nos,24.92857142857143,5.1127102941176465,40,3.3381102941176466,1.7746,0.0,3.0423,1.088110294117647,0.9823,3.0,90.0,0.6333333333333333,59.0,29.0,30.0,6.605720588235292,5.840310294117646,5.882352941176472
468,10264,SC Braga,2012,Liga Nos,24.1156462585034,1.1177102941176469,27,0.8631102941176472,0.25459999999999994,0.0,0.9531102941176472,0.16459999999999994,0.0,4.0,85.0,0.5333333333333333,60.0,44.0,16.0,6.958020588235294,6.230420588235294,-5.5555555555555545
469,10264,SC Braga,2013,Liga Nos,25.68518518518519,4.313710294117648,30,1.2461102941176472,3.0676,0.0,0.27041029411764705,0.8253,3.218,8.0,65.0,0.3333333333333333,39.0,37.0,2.0,10.544130882352944,5.4314205882352935,-23.529411764705888
470,10264,SC Braga,2014,Liga Nos,22.847222222222207,16.568520588235295,28,15.136220588235295,1.4323,0.0,11.6923,0.18811029411764707,4.688110294117646,4.0,85.0,0.5,55.0,28.0,27.0,21.99994117647059,20.882230882352946,30.76923076923077
471,10264,SC Braga,2015,Liga Nos,22.967592592592588,3.78,31,2.3400000000000003,1.44,0.0,0.81,2.2950000000000004,0.675,4.0,85.0,0.4705882352941176,54.0,35.0,19.0,24.662230882352944,20.348520588235296,0.0
472,10267,Valencia CF,2008,Primera Division,24.416666666666664,8.572744680851065,22,0.54,8.032744680851065,0.0,5.04,0.9,2.6327446808510646,6.0,75.0,0.4736842105263158,68.0,54.0,14.0,,,
473,10267,Valencia CF,2009,Primera Division,23.36111111111111,4.5,16,0.0,4.5,0.0,4.5,0.0,0.0,3.0,90.0,0.5526315789473685,59.0,40.0,19.0,,13.072744680851065,20.0
474,10267,Valencia CF,2010,Primera Division,24.31333333333333,25.07,16,0.0,25.07,0.0,0.27,14.0,10.8,3.0,90.0,0.5526315789473685,64.0,44.0,20.0,38.14274468085107,29.57,0.0
475,10267,Valencia CF,2011,Primera Division,23.875,30.6,16,21.15,9.45,0.0,16.650000000000002,6.75,7.2,3.0,90.0,0.4473684210526316,59.0,44.0,15.0,60.17,55.67,0.0
476,10267,Valencia CF,2012,Primera Division,26.36666666666667,20.88,10,9.0,11.88,0.0,8.73,0.0,12.15,5.0,80.0,0.5,67.0,54.0,13.0,76.55000000000003,51.48,-11.111111111111109
477,10267,Valencia CF,2013,Primera Division,25.72916666666667,20.228,15,5.9,11.628,2.7,1.85,17.1,1.278,8.0,65.0,0.34210526315789475,51.0,53.0,-2.0,71.708,41.108000000000004,-18.75
478,10267,Valencia CF,2014,Primera Division,24.397619047619052,47.97,23,11.52,36.45,0.0,21.15,4.32,22.5,4.0,85.0,0.5789473684210527,70.0,32.0,38.0,89.07799999999997,68.19800000000001,30.76923076923077
479,10267,Valencia CF,2015,Primera Division,23.460714285714282,129.51,20,40.86,88.65,0.0,49.95,61.2,18.36,11.0,50.0,0.2894736842105263,46.0,48.0,-2.0,197.708,177.48,-41.1764705882353
